"population","B1","B2"
"EUR",0.36100294012082,0.240986065535641
"AFR",0.251451066220012,0.221388390544845
"EAS",0.387545993659169,0.537625543919514
