"population","B1","B2"
"EUR",0.494592962026764,0.405019676083761
"AFR",0.208397902361739,0.284989394091689
"EAS",0.297009135611497,0.30999092982455
