{
  "num_variant": 163,
  "cMAC": 7578,
  "results_STAAR_O": 0.020750151319893,
  "results_ACAT_O": 0.0395607987806903,
  "weight_all_1": {
    "EUR.B1": 0.494592962026764,
    "EUR.B2": 0.405019676083761,
    "AFR.B1": 0.208397902361739,
    "AFR.B2": 0.284989394091689,
    "EAS.B1": 0.297009135611497,
    "EAS.B2": 0.30999092982455
  },
  "weight_all_2": {
    "EUR.B1": 8.538028374515781,
    "EUR.B2": 5.699526615261375,
    "AFR.B1": 5.939488556170532,
    "AFR.B2": 5.229382527094128,
    "EAS.B1": 9.166210691443199,
    "EAS.B2": 12.715881699971801
  },
  "results_weight_staar_o": {
    "B1": 0.01887245648517621,
    "B2": 0.02304204194815929
  },
  "results_weight1_staar_o": {
    "B1": 0.01337550909274698,
    "B2": 0.01421305821601648
  },
  "results_weight2_staar_o": {
    "B1": 0.03201410323094822,
    "B2": 0.06047931226150438
  },
  "results_weight_staar_s_1_25": {
    "B1": 0.04199809675629096,
    "B2": 0.02685323196186373
  },
  "results_weight1_staar_s_1_25": {
    "B1": 0.06010740700541395,
    "B2": 0.0360606466855713
  },
  "results_weight2_staar_s_1_25": {
    "B1": 0.03224554428785353,
    "B2": 0.02138570283923857
  }
}
