{
  "num_variant": 163,
  "cMAC": 7578,
  "results_STAAR_O": 0.1436937762941743,
  "results_ACAT_O": 0.2328385983972807,
  "results_STAAR_S_1_25": {
    "SKAT(1,25)": 0.06739492025536609,
    "SKAT(1,25)-Z1": 0.1379942179760689,
    "SKAT(1,25)-Z2": 0.3757379042127713,
    "SKAT(1,25)-Z3": 0.07767475706531046,
    "SKAT(1,25)-Z4": 0.06113945861153014,
    "SKAT(1,25)-Z5": 0.01022185111951401,
    "SKAT(1,25)-Z6": 0.07452784888001884,
    "SKAT(1,25)-Z7": 0.05070695543498527,
    "SKAT(1,25)-Z8": 0.1918447768916081,
    "SKAT(1,25)-Z9": 0.1199338819457818,
    "SKAT(1,25)-Z10": 0.0490612868488649,
    "STAAR-S(1,25)": 0.05079505568402598
  },
  "results_STAAR_S_1_1": {
    "SKAT(1,1)": 0.2557182343703084,
    "SKAT(1,1)-Z1": 0.2948473137200929,
    "SKAT(1,1)-Z2": 0.437146665583756,
    "SKAT(1,1)-Z3": 0.2233805515279783,
    "SKAT(1,1)-Z4": 0.2726892818329694,
    "SKAT(1,1)-Z5": 0.07083440586064849,
    "SKAT(1,1)-Z6": 0.2542045261332431,
    "SKAT(1,1)-Z7": 0.1390749169461892,
    "SKAT(1,1)-Z8": 0.3497093006226306,
    "SKAT(1,1)-Z9": 0.2958489289781452,
    "SKAT(1,1)-Z10": 0.2496539004914048,
    "STAAR-S(1,1)": 0.2146637330165115
  },
  "results_STAAR_B_1_25": {
    "Burden(1,25)": 0.7902650786220882,
    "Burden(1,25)-Z1": 0.02140645598033242,
    "Burden(1,25)-Z2": 0.1428742890607706,
    "Burden(1,25)-Z3": 0.3168261291621965,
    "Burden(1,25)-Z4": 0.3169933177322407,
    "Burden(1,25)-Z5": 0.05544079118495104,
    "Burden(1,25)-Z6": 0.5401705517863138,
    "Burden(1,25)-Z7": 0.3391714380906057,
    "Burden(1,25)-Z8": 0.09672113427799622,
    "Burden(1,25)-Z9": 0.04773279474011383,
    "Burden(1,25)-Z10": 0.5394431450256203,
    "STAAR-B(1,25)": 0.1032286025764335
  },
  "results_STAAR_B_1_1": {
    "Burden(1,1)": 0.3776411948361386,
    "Burden(1,1)-Z1": 0.07761417267782922,
    "Burden(1,1)-Z2": 0.1698419466280343,
    "Burden(1,1)-Z3": 0.3032830340446969,
    "Burden(1,1)-Z4": 0.2886676170260447,
    "Burden(1,1)-Z5": 0.06021228053341776,
    "Burden(1,1)-Z6": 0.4093842065230195,
    "Burden(1,1)-Z7": 0.9851404648952657,
    "Burden(1,1)-Z8": 0.1626877596181665,
    "Burden(1,1)-Z9": 0.08072517907936327,
    "Burden(1,1)-Z10": 0.6119042311833236,
    "STAAR-B(1,1)": 0.5848846335430138
  },
  "results_STAAR_A_1_25": {
    "ACAT-V(1,25)": 0.2203784882938516,
    "ACAT-V(1,25)-Z1": 0.2318286728107789,
    "ACAT-V(1,25)-Z2": 0.3670501832041242,
    "ACAT-V(1,25)-Z3": 0.2622441905766043,
    "ACAT-V(1,25)-Z4": 0.1877731458239368,
    "ACAT-V(1,25)-Z5": 0.1098615023605265,
    "ACAT-V(1,25)-Z6": 0.1831213921817252,
    "ACAT-V(1,25)-Z7": 0.1840722610731043,
    "ACAT-V(1,25)-Z8": 0.2066734625090734,
    "ACAT-V(1,25)-Z9": 0.2406763423222794,
    "ACAT-V(1,25)-Z10": 0.1675471726710964,
    "STAAR-A(1,25)": 0.1999522858481465
  },
  "results_STAAR_A_1_1": {
    "ACAT-V(1,1)": 0.2954553385481353,
    "ACAT-V(1,1)-Z1": 0.3171936216064157,
    "ACAT-V(1,1)-Z2": 0.4124758384830103,
    "ACAT-V(1,1)-Z3": 0.3299811194923595,
    "ACAT-V(1,1)-Z4": 0.2652750685253032,
    "ACAT-V(1,1)-Z5": 0.1514977556367271,
    "ACAT-V(1,1)-Z6": 0.2707994119594501,
    "ACAT-V(1,1)-Z7": 0.2602251614181297,
    "ACAT-V(1,1)-Z8": 0.3008698065224116,
    "ACAT-V(1,1)-Z9": 0.3319293225557691,
    "ACAT-V(1,1)-Z10": 0.2618091991462861,
    "STAAR-A(1,1)": 0.2788604992132004
  }
}
