{
  "num_variant": 163,
  "cMAC": 7578,
  "results_STAAR_O": 0.143693776448631,
  "results_ACAT_O": 0.2328385983983231,
  "weight_all_1": {
    "EUR.B1": 0.494592962026764,
    "EUR.B2": 0.405019676083761,
    "AFR.B1": 0.208397902361739,
    "AFR.B2": 0.284989394091689,
    "EAS.B1": 0.297009135611497,
    "EAS.B2": 0.30999092982455
  },
  "weight_all_2": {
    "EUR.B1": 8.538028374515781,
    "EUR.B2": 5.699526615261375,
    "AFR.B1": 5.939488556170532,
    "AFR.B2": 5.229382527094128,
    "EAS.B1": 9.166210691443199,
    "EAS.B2": 12.715881699971801
  },
  "results_weight_staar_o": {
    "B1": 0.1433824823592958,
    "B2": 0.144006331492982
  },
  "results_weight1_staar_o": {
    "B1": 0.1267012126747106,
    "B2": 0.1189651549962635
  },
  "results_weight2_staar_o": {
    "B1": 0.1646724975853125,
    "B2": 0.1809803883965134
  },
  "results_weight_staar_s_1_25": {
    "B1": 0.1006573236987355,
    "B2": 0.03384183558841025
  },
  "results_weight1_staar_s_1_25": {
    "B1": 0.1756125254178809,
    "B2": 0.1139379514024192
  },
  "results_weight2_staar_s_1_25": {
    "B1": 0.06979125848918144,
    "B2": 0.01978548788344137
  }
}
