{
  "num_variant": 163,
  "cMAC": 7578,
  "results_STAAR_O": 0.02075015131989288,
  "results_ACAT_O": 0.0395607987806903,
  "results_STAAR_S_1_25": {
    "SKAT(1,25)": 0.03697158261326372,
    "SKAT(1,25)-Z1": 0.03855723254825483,
    "SKAT(1,25)-Z2": 0.1846154108508411,
    "SKAT(1,25)-Z3": 0.2033281519160888,
    "SKAT(1,25)-Z4": 0.01708778825300561,
    "SKAT(1,25)-Z5": 0.0124223932037979,
    "SKAT(1,25)-Z6": 0.1015473247178155,
    "SKAT(1,25)-Z7": 0.03231892074034026,
    "SKAT(1,25)-Z8": 0.06339473001779083,
    "SKAT(1,25)-Z9": 0.03542823779323001,
    "SKAT(1,25)-Z10": 0.0200443689173242,
    "STAAR-S(1,25)": 0.0327658844241937
  },
  "results_STAAR_S_1_1": {
    "SKAT(1,1)": 0.1585569921962446,
    "SKAT(1,1)-Z1": 0.1641350484310417,
    "SKAT(1,1)-Z2": 0.360679326719061,
    "SKAT(1,1)-Z3": 0.3808206316056977,
    "SKAT(1,1)-Z4": 0.1689178281933452,
    "SKAT(1,1)-Z5": 0.06517665454947619,
    "SKAT(1,1)-Z6": 0.321821629018568,
    "SKAT(1,1)-Z7": 0.05940985770801754,
    "SKAT(1,1)-Z8": 0.2325906148368888,
    "SKAT(1,1)-Z9": 0.1762309638873407,
    "SKAT(1,1)-Z10": 0.1268901004300218,
    "STAAR-S(1,1)": 0.1475064192906952
  },
  "results_STAAR_B_1_25": {
    "Burden(1,25)": 0.0535345263686251,
    "Burden(1,25)-Z1": 0.001296891280020529,
    "Burden(1,25)-Z2": 0.01619192107871237,
    "Burden(1,25)-Z3": 0.04720462166390826,
    "Burden(1,25)-Z4": 0.04680003168644253,
    "Burden(1,25)-Z5": 0.02807357643973885,
    "Burden(1,25)-Z6": 0.1244059324565139,
    "Burden(1,25)-Z7": 0.04102407391385476,
    "Burden(1,25)-Z8": 0.04694579674348576,
    "Burden(1,25)-Z9": 0.003427765387503001,
    "Burden(1,25)-Z10": 0.09146229007133777,
    "STAAR-B(1,25)": 0.008562133201151845
  },
  "results_STAAR_B_1_1": {
    "Burden(1,1)": 0.1109233245073249,
    "Burden(1,1)-Z1": 0.0200235003118967,
    "Burden(1,1)-Z2": 0.03589024090455251,
    "Burden(1,1)-Z3": 0.04203967248456664,
    "Burden(1,1)-Z4": 0.1620189684134284,
    "Burden(1,1)-Z5": 0.03395840188948662,
    "Burden(1,1)-Z6": 0.1540515068656667,
    "Burden(1,1)-Z7": 0.07502798136651512,
    "Burden(1,1)-Z8": 0.138941501410353,
    "Burden(1,1)-Z9": 0.01117687451570015,
    "Burden(1,1)-Z10": 0.3607944014191387,
    "STAAR-B(1,1)": 0.04181077314731119
  },
  "results_STAAR_A_1_25": {
    "ACAT-V(1,25)": 0.0162752973384731,
    "ACAT-V(1,25)-Z1": 0.02199568092547044,
    "ACAT-V(1,25)-Z2": 0.01524374462728129,
    "ACAT-V(1,25)-Z3": 0.02711180328004903,
    "ACAT-V(1,25)-Z4": 0.01041078961369224,
    "ACAT-V(1,25)-Z5": 0.01207446037882121,
    "ACAT-V(1,25)-Z6": 0.01060064839924424,
    "ACAT-V(1,25)-Z7": 0.0102828398131809,
    "ACAT-V(1,25)-Z8": 0.01333780791500283,
    "ACAT-V(1,25)-Z9": 0.01311177381696582,
    "ACAT-V(1,25)-Z10": 0.00960479598454167,
    "STAAR-A(1,25)": 0.01317120739539468
  },
  "results_STAAR_A_1_1": {
    "ACAT-V(1,1)": 0.03361105922828733,
    "ACAT-V(1,1)-Z1": 0.05089082139312673,
    "ACAT-V(1,1)-Z2": 0.03775538928179178,
    "ACAT-V(1,1)-Z3": 0.05022389863052412,
    "ACAT-V(1,1)-Z4": 0.02279911439026316,
    "ACAT-V(1,1)-Z5": 0.02100127927920281,
    "ACAT-V(1,1)-Z6": 0.02474552401211694,
    "ACAT-V(1,1)-Z7": 0.01803991281544615,
    "ACAT-V(1,1)-Z8": 0.03166058975369734,
    "ACAT-V(1,1)-Z9": 0.02764144710237959,
    "ACAT-V(1,1)-Z10": 0.02376393429344836,
    "STAAR-A(1,1)": 0.02800043607478564
  }
}
