{
  "num_variant": 163,
  "cMAC": 7578,
  "results_STAAR_O": 0.143693776448631,
  "results_ACAT_O": 0.2328385983983231,
  "results_STAAR_S_1_25": {
    "SKAT(1,25)": 0.06739492025526661,
    "SKAT(1,25)-Z1": 0.1379942179761841,
    "SKAT(1,25)-Z2": 0.3757379043837979,
    "SKAT(1,25)-Z3": 0.07767475706528715,
    "SKAT(1,25)-Z4": 0.0611394586114814,
    "SKAT(1,25)-Z5": 0.01022185111947849,
    "SKAT(1,25)-Z6": 0.07452784887996355,
    "SKAT(1,25)-Z7": 0.0507069554349121,
    "SKAT(1,25)-Z8": 0.1918447768922479,
    "SKAT(1,25)-Z9": 0.11993388194584,
    "SKAT(1,25)-Z10": 0.04906128684878142,
    "STAAR-S(1,25)": 0.05079505568438669
  },
  "results_STAAR_S_1_1": {
    "SKAT(1,1)": 0.2557182343729085,
    "SKAT(1,1)-Z1": 0.2948473137240482,
    "SKAT(1,1)-Z2": 0.4371467169761026,
    "SKAT(1,1)-Z3": 0.2233805515341535,
    "SKAT(1,1)-Z4": 0.2726892818398654,
    "SKAT(1,1)-Z5": 0.0708344058606587,
    "SKAT(1,1)-Z6": 0.2542045261354524,
    "SKAT(1,1)-Z7": 0.1390749169464457,
    "SKAT(1,1)-Z8": 0.3497093006610685,
    "SKAT(1,1)-Z9": 0.2958489289824124,
    "SKAT(1,1)-Z10": 0.249653900494616,
    "STAAR-S(1,1)": 0.2146637349147816
  },
  "results_STAAR_B_1_25": {
    "Burden(1,25)": 0.7902650786232421,
    "Burden(1,25)-Z1": 0.0214064559803,
    "Burden(1,25)-Z2": 0.1428742890606763,
    "Burden(1,25)-Z3": 0.3168261291621365,
    "Burden(1,25)-Z4": 0.3169933177319388,
    "Burden(1,25)-Z5": 0.05544079118490153,
    "Burden(1,25)-Z6": 0.5401705517857964,
    "Burden(1,25)-Z7": 0.3391714380904882,
    "Burden(1,25)-Z8": 0.09672113427786966,
    "Burden(1,25)-Z9": 0.04773279474002468,
    "Burden(1,25)-Z10": 0.5394431450254045,
    "STAAR-B(1,25)": 0.1032286025763128
  },
  "results_STAAR_B_1_1": {
    "Burden(1,1)": 0.3776411948358183,
    "Burden(1,1)-Z1": 0.07761417267775039,
    "Burden(1,1)-Z2": 0.169841946627896,
    "Burden(1,1)-Z3": 0.3032830340446474,
    "Burden(1,1)-Z4": 0.288667617025799,
    "Burden(1,1)-Z5": 0.06021228053337979,
    "Burden(1,1)-Z6": 0.4093842065226686,
    "Burden(1,1)-Z7": 0.9851404648947645,
    "Burden(1,1)-Z8": 0.1626877596179663,
    "Burden(1,1)-Z9": 0.08072517907922871,
    "Burden(1,1)-Z10": 0.6119042311832954,
    "STAAR-B(1,1)": 0.5848846335229332
  },
  "results_STAAR_A_1_25": {
    "ACAT-V(1,25)": 0.2203784882961014,
    "ACAT-V(1,25)-Z1": 0.2318286728134322,
    "ACAT-V(1,25)-Z2": 0.3670501832101377,
    "ACAT-V(1,25)-Z3": 0.2622441905788577,
    "ACAT-V(1,25)-Z4": 0.187773145825688,
    "ACAT-V(1,25)-Z5": 0.1098615023605224,
    "ACAT-V(1,25)-Z6": 0.1831213921842046,
    "ACAT-V(1,25)-Z7": 0.1840722610753123,
    "ACAT-V(1,25)-Z8": 0.2066734625115847,
    "ACAT-V(1,25)-Z9": 0.2406763423266958,
    "ACAT-V(1,25)-Z10": 0.1675471726727293,
    "STAAR-A(1,25)": 0.1999522858502502
  },
  "results_STAAR_A_1_1": {
    "ACAT-V(1,1)": 0.2954553385500742,
    "ACAT-V(1,1)-Z1": 0.3171936216086565,
    "ACAT-V(1,1)-Z2": 0.4124758384864785,
    "ACAT-V(1,1)-Z3": 0.3299811194946259,
    "ACAT-V(1,1)-Z4": 0.2652750685267488,
    "ACAT-V(1,1)-Z5": 0.1514977556367988,
    "ACAT-V(1,1)-Z6": 0.270799411961607,
    "ACAT-V(1,1)-Z7": 0.2602251614210902,
    "ACAT-V(1,1)-Z8": 0.3008698065241509,
    "ACAT-V(1,1)-Z9": 0.3319293225595105,
    "ACAT-V(1,1)-Z10": 0.2618091991478706,
    "STAAR-A(1,1)": 0.2788604992151307
  }
}
