{
  "num_variant": 163,
  "num_tested": 163,
  "pvalue_min": 0.007840987714728308,
  "pvalue_median": 0.4560353969683747,
  "top_variant_index": 8,
  "top_pvalue": 0.007840987714728308,
  "score_cond_samples": {
    "v2": 2.128528549557643,
    "v3": 6.113207716681541,
    "v11": 0.5170743998665165,
    "v51": -0.4841642918206932,
    "v101": -0.8842762190539929,
    "v161": 1.97079534206422
  },
  "se_cond_samples": {
    "v2": 4.350539568108734,
    "v3": 3.555656150761046,
    "v11": 0.8411850512783478,
    "v51": 2.373651526908948,
    "v101": 2.216850515367916,
    "v161": 1.189691129465945
  },
  "pvalue_cond_samples": {
    "v2": 0.6246603109408512,
    "v3": 0.08556139292716643,
    "v11": 0.5387544704662784,
    "v51": 0.8383734561736836,
    "v101": 0.6899753491035332,
    "v161": 0.09760836221323561
  }
}
