{
  "num_variant": 144,
  "num_tested": 144,
  "pvalue_min": 4.341308741762907e-06,
  "pvalue_median": 0.494730063423545,
  "top_variant_index": 43,
  "top_pvalue": 4.341308741762907e-06,
  "score_cond_samples": {
    "v2": -0.4370881779289599,
    "v3": -0.9500378351119156,
    "v11": -0.9299291687895115,
    "v51": -1.139466406369754,
    "v101": -0.4806809733289367
  },
  "se_cond_samples": {
    "v2": 1.185907496318008,
    "v3": 1.173932571061851,
    "v11": 0.8300764742383183,
    "v51": 1.17992261906439,
    "v101": 1.442435458793907
  },
  "pvalue_cond_samples": {
    "v2": 0.712449358982137,
    "v3": 0.4183552421454824,
    "v11": 0.2625887674037019,
    "v51": 0.3341878999288326,
    "v101": 0.7389511478065947
  }
}
