{
  "num_variant": 144,
  "num_tested": 144,
  "pvalue_min": 4.341308741786541e-06,
  "pvalue_median": 0.494730063423458,
  "top_variant_index": 43,
  "top_pvalue": 4.341308741786541e-06,
  "score_cond_samples": {
    "v2": -0.4370881779284774,
    "v3": -0.9500378351117381,
    "v11": -0.9299291687887832,
    "v51": -1.139466406369683,
    "v101": -0.480680973328651
  },
  "se_cond_samples": {
    "v2": 1.185907496318019,
    "v3": 1.17393257106184,
    "v11": 0.8300764742383105,
    "v51": 1.17992261906439,
    "v101": 1.442435458793902
  },
  "pvalue_cond_samples": {
    "v2": 0.7124493589824428,
    "v3": 0.418355242145565,
    "v11": 0.2625887674040712,
    "v51": 0.3341878999288631,
    "v101": 0.7389511478067434
  }
}
