{
  "num_variant": 163,
  "num_tested": 163,
  "pvalue_min": 0.007830091218068096,
  "pvalue_median": 0.4560186302058076,
  "top_variant_index": 8,
  "top_pvalue": 0.007830091218068096,
  "score_samples": {
    "v2": 2.129247418084344,
    "v3": 6.114347584486396,
    "v11": 0.5170743997105287,
    "v51": -0.4839083553808345,
    "v101": -0.8838252405598391,
    "v161": 1.970876518107833
  },
  "se_samples": {
    "v2": 4.350540895943499,
    "v3": 3.555657910785522,
    "v11": 0.8411850616257593,
    "v51": 2.373651812087306,
    "v101": 2.21685094161076,
    "v161": 1.189691162229529
  },
  "pvalue_samples": {
    "v2": 0.6245434532806567,
    "v3": 0.08550321987566692,
    "v11": 0.5387544755832648,
    "v51": 0.8384577360921407,
    "v101": 0.6901253141288588,
    "v161": 0.09759456711390486
  }
}
