{
  "num_variant": 163,
  "num_tested": 163,
  "pvalue_min": 0.007840987714691713,
  "pvalue_median": 0.4560353969682938,
  "top_variant_index": 8,
  "top_pvalue": 0.007840987714691713,
  "score_cond_samples": {
    "v2": 2.128528549556333,
    "v3": 6.113207716684542,
    "v11": 0.517074399866687,
    "v51": -0.4841642918205129,
    "v101": -0.884276219054607,
    "v161": 1.970795342064876
  },
  "se_cond_samples": {
    "v2": 4.350539568108733,
    "v3": 3.55565615076104,
    "v11": 0.8411850512783423,
    "v51": 2.373651526908942,
    "v101": 2.216850515367916,
    "v161": 1.189691129465938
  },
  "pvalue_cond_samples": {
    "v2": 0.6246603109410642,
    "v3": 0.0855613929270123,
    "v11": 0.5387544704661419,
    "v51": 0.8383734561737424,
    "v101": 0.689975349103329,
    "v161": 0.09760836221312215
  }
}
