{
  "num_variant": 163,
  "num_tested": 163,
  "pvalue_min": 0.007830091218031517,
  "pvalue_median": 0.4560186302057264,
  "top_variant_index": 8,
  "top_pvalue": 0.007830091218031517,
  "score_samples": {
    "v2": 2.129247418083042,
    "v3": 6.114347584489395,
    "v11": 0.5170743997106999,
    "v51": -0.4839083553806507,
    "v101": -0.8838252405604532,
    "v161": 1.97087651810849
  },
  "se_samples": {
    "v2": 4.350540895943499,
    "v3": 3.555657910785516,
    "v11": 0.8411850616257539,
    "v51": 2.3736518120873,
    "v101": 2.216850941610761,
    "v161": 1.189691162229521
  },
  "pvalue_samples": {
    "v2": 0.6245434532808684,
    "v3": 0.0855032198755131,
    "v11": 0.5387544755831277,
    "v51": 0.8384577360922008,
    "v101": 0.6901253141286547,
    "v161": 0.09759456711379126
  }
}
