{
  "num_variant": 163,
  "num_tested": 163,
  "pvalue_min": 0.0002757973806680014,
  "pvalue_median": 0.5002907303166026,
  "top_variant_index": 91,
  "top_pvalue": 0.0002757973806680014,
  "score_cond_samples": {
    "v2": 3.355016911118466,
    "v3": 3.788931222206272,
    "v11": 1.101810529846952,
    "v51": -1.16348416330934,
    "v101": -1.774943139841445,
    "v161": 0.6509796726530386
  },
  "se_cond_samples": {
    "v2": 5.188680466051489,
    "v3": 4.237269913988115,
    "v11": 0.9998744724573189,
    "v51": 2.827008700934801,
    "v101": 2.644458817694237,
    "v161": 1.414071396659055
  },
  "pvalue_cond_samples": {
    "v2": 0.5178888465779866,
    "v3": 0.3712193784751106,
    "v11": 0.2704839074179883,
    "v51": 0.6806618352134861,
    "v101": 0.5020973724154392,
    "v161": 0.6452589754467014
  }
}
