{
  "num_variant": 163,
  "num_tested": 163,
  "pvalue_min": 0.0002809009547774371,
  "pvalue_median": 0.5008230293220723,
  "top_variant_index": 91,
  "top_pvalue": 0.0002809009547774371,
  "score_samples": {
    "v2": 3.354521388578813,
    "v3": 3.788410674301876,
    "v11": 1.101794558848771,
    "v51": -1.163659594692727,
    "v101": -1.775144636203757,
    "v161": 0.6509365988933069
  },
  "se_samples": {
    "v2": 5.195270361279346,
    "v3": 4.242652945383488,
    "v11": 1.001143844383128,
    "v51": 2.830598267847326,
    "v101": 2.647816897246717,
    "v161": 1.415866654706055
  },
  "pvalue_samples": {
    "v2": 0.5184817253902066,
    "v3": 0.3718923149437692,
    "v11": 0.2710987763262224,
    "v51": 0.6809990424423095,
    "v101": 0.5025912362770564,
    "v161": 0.6456997805483939
  }
}
