{
  "num_variant": 163,
  "cMAC": 7578,
  "results_STAAR_O_cond": 0.1427301079259212,
  "results_ACAT_O_cond": 0.2284892278691854,
  "results_STAAR_S_1_25_cond": {
    "SKAT(1,25)": 0.117409034946688,
    "SKAT(1,25)-Z1": 0.1607033263365202,
    "SKAT(1,25)-Z2": 0.4360863662368105,
    "SKAT(1,25)-Z3": 0.1742399631718484,
    "SKAT(1,25)-Z4": 0.1432859704786077,
    "SKAT(1,25)-Z5": 0.01637999645780651,
    "SKAT(1,25)-Z6": 0.0900345773943891,
    "SKAT(1,25)-Z7": 0.09938458914880526,
    "SKAT(1,25)-Z8": 0.1954493908566327,
    "SKAT(1,25)-Z9": 0.1236678839308803,
    "SKAT(1,25)-Z10": 0.1031636748167993,
    "STAAR-S(1,25)": 0.08323599943031768
  },
  "results_STAAR_S_1_1_cond": {
    "SKAT(1,1)": 0.3244664222996885,
    "SKAT(1,1)-Z1": 0.3695783675311225,
    "SKAT(1,1)-Z2": 0.4824837168140776,
    "SKAT(1,1)-Z3": 0.2987918667351136,
    "SKAT(1,1)-Z4": 0.3164517232442651,
    "SKAT(1,1)-Z5": 0.07796381337576914,
    "SKAT(1,1)-Z6": 0.2704462458327039,
    "SKAT(1,1)-Z7": 0.2437725812335099,
    "SKAT(1,1)-Z8": 0.4218144845072253,
    "SKAT(1,1)-Z9": 0.35387137482213,
    "SKAT(1,1)-Z10": 0.3450799762239674,
    "STAAR-S(1,1)": 0.2702700195130314
  },
  "results_STAAR_B_1_25_cond": {
    "Burden(1,25)": 0.2848808977722472,
    "Burden(1,25)-Z1": 0.01809989257125463,
    "Burden(1,25)-Z2": 0.1565409609050238,
    "Burden(1,25)-Z3": 0.3029287259249462,
    "Burden(1,25)-Z4": 0.2865116855785684,
    "Burden(1,25)-Z5": 0.07013537132383593,
    "Burden(1,25)-Z6": 0.4095259686539547,
    "Burden(1,25)-Z7": 0.3481750791634762,
    "Burden(1,25)-Z8": 0.07987985265634844,
    "Burden(1,25)-Z9": 0.05889593232533372,
    "Burden(1,25)-Z10": 0.4248619643913589,
    "STAAR-B(1,25)": 0.09317408952001571
  },
  "results_STAAR_B_1_1_cond": {
    "Burden(1,1)": 0.2585590613728903,
    "Burden(1,1)-Z1": 0.04978677838051743,
    "Burden(1,1)-Z2": 0.1340320104314155,
    "Burden(1,1)-Z3": 0.2552214967675622,
    "Burden(1,1)-Z4": 0.2333774558046043,
    "Burden(1,1)-Z5": 0.05919914493950897,
    "Burden(1,1)-Z6": 0.2948522409378017,
    "Burden(1,1)-Z7": 0.4167498907624587,
    "Burden(1,1)-Z8": 0.1069201380842988,
    "Burden(1,1)-Z9": 0.07705852553428939,
    "Burden(1,1)-Z10": 0.4878133050685676,
    "STAAR-B(1,1)": 0.1324785788034217
  },
  "results_STAAR_A_1_25_cond": {
    "ACAT-V(1,25)": 0.1890339426270391,
    "ACAT-V(1,25)-Z1": 0.1497556599230092,
    "ACAT-V(1,25)-Z2": 0.278561311940454,
    "ACAT-V(1,25)-Z3": 0.2784927842897246,
    "ACAT-V(1,25)-Z4": 0.1679855679774581,
    "ACAT-V(1,25)-Z5": 0.09122901278963702,
    "ACAT-V(1,25)-Z6": 0.1331920087003637,
    "ACAT-V(1,25)-Z7": 0.166988635620063,
    "ACAT-V(1,25)-Z8": 0.182470395294218,
    "ACAT-V(1,25)-Z9": 0.1818713459551639,
    "ACAT-V(1,25)-Z10": 0.2209736456587349,
    "STAAR-A(1,25)": 0.1706859986111791
  },
  "results_STAAR_A_1_1_cond": {
    "ACAT-V(1,1)": 0.3684593435060265,
    "ACAT-V(1,1)-Z1": 0.2925221754873607,
    "ACAT-V(1,1)-Z2": 0.3530868659819579,
    "ACAT-V(1,1)-Z3": 0.4961739090482992,
    "ACAT-V(1,1)-Z4": 0.3071987496052518,
    "ACAT-V(1,1)-Z5": 0.1325719675681363,
    "ACAT-V(1,1)-Z6": 0.2339697230298728,
    "ACAT-V(1,1)-Z7": 0.2795281941857549,
    "ACAT-V(1,1)-Z8": 0.518176779808817,
    "ACAT-V(1,1)-Z9": 0.4514887763502991,
    "ACAT-V(1,1)-Z10": 0.5581209282983857,
    "STAAR-A(1,1)": 0.3298629624839781
  }
}
