{
  "num_variant": 163,
  "cMAC": 7578,
  "case_count": 500,
  "results_STAAR_B": 0.5771888444992558,
  "results_STAAR_B_1_25": {
    "Burden(1,25)": 0.2956861373861994,
    "Burden(1,25)-Z1": 0.0768958772746339,
    "Burden(1,25)-Z2": 0.2710138379267484,
    "Burden(1,25)-Z3": 0.9893429275987066,
    "Burden(1,25)-Z4": 0.3835352904697835,
    "Burden(1,25)-Z5": 0.3191983992443923,
    "Burden(1,25)-Z6": 0.7572399736668229,
    "Burden(1,25)-Z7": 0.7783959501493339,
    "Burden(1,25)-Z8": 0.01805520594716113,
    "Burden(1,25)-Z9": 0.03427667179057241,
    "Burden(1,25)-Z10": 0.5514096604656979,
    "STAAR-B(1,25)": 0.462508563359521
  },
  "results_STAAR_B_1_1": {
    "Burden(1,1)": 0.2830858452246942,
    "Burden(1,1)-Z1": 0.1062146549366474,
    "Burden(1,1)-Z2": 0.2778900579237116,
    "Burden(1,1)-Z3": 0.9874102131810888,
    "Burden(1,1)-Z4": 0.3480598224730302,
    "Burden(1,1)-Z5": 0.2913680029925756,
    "Burden(1,1)-Z6": 0.667725303764331,
    "Burden(1,1)-Z7": 0.7957473976662728,
    "Burden(1,1)-Z8": 0.0377222478092397,
    "Burden(1,1)-Z9": 0.0510097475579761,
    "Burden(1,1)-Z10": 0.487029473739305,
    "STAAR-B(1,1)": 0.6750594971494279
  }
}
