{
  "num_variant": 144,
  "cMAC": 7703,
  "case_count": 500,
  "results_STAAR_B": 9.005852975385586e-05,
  "results_STAAR_B_1_25": {
    "Burden(1,25)": 0.0001090109922491335,
    "Burden(1,25)-Z1": 0.0001944292402357122,
    "Burden(1,25)-Z2": 6.282930795981381e-05,
    "Burden(1,25)-Z3": 1.378403063909201e-05,
    "Burden(1,25)-Z4": 6.048156581979165e-05,
    "Burden(1,25)-Z5": 0.0008146055204271009,
    "Burden(1,25)-Z6": 0.0008370472155066985,
    "Burden(1,25)-Z7": 0.002196397364734283,
    "Burden(1,25)-Z8": 2.502405037642257e-05,
    "Burden(1,25)-Z9": 7.572783821271728e-05,
    "Burden(1,25)-Z10": 0.00118419431717448,
    "STAAR-B(1,25)": 6.242792285315879e-05
  },
  "results_STAAR_B_1_1": {
    "Burden(1,1)": 0.0002015967720099915,
    "Burden(1,1)-Z1": 0.0004776914721984918,
    "Burden(1,1)-Z2": 0.0001154411190720292,
    "Burden(1,1)-Z3": 0.0001414138118260212,
    "Burden(1,1)-Z4": 8.121328207874862e-05,
    "Burden(1,1)-Z5": 0.004094512423969228,
    "Burden(1,1)-Z6": 0.001382765064002271,
    "Burden(1,1)-Z7": 0.003765128188212094,
    "Burden(1,1)-Z8": 4.043964965026227e-05,
    "Burden(1,1)-Z9": 0.0001753114762832076,
    "Burden(1,1)-Z10": 0.0007598035449249933,
    "STAAR-B(1,1)": 0.000161568979179294
  }
}
