{
  "num_variant": 163,
  "cMAC": 7578,
  "case_count": 500,
  "results_STAAR_B": 0.5771882813570353,
  "results_STAAR_B_1_25": {
    "Burden(1,25)": 0.2956861373862122,
    "Burden(1,25)-Z1": 0.07689587727463806,
    "Burden(1,25)-Z2": 0.2710138379267588,
    "Burden(1,25)-Z3": 0.9893429275987251,
    "Burden(1,25)-Z4": 0.3835352904697971,
    "Burden(1,25)-Z5": 0.3191983992444026,
    "Burden(1,25)-Z6": 0.7572399736668425,
    "Burden(1,25)-Z7": 0.7783959501493495,
    "Burden(1,25)-Z8": 0.01805519375398322,
    "Burden(1,25)-Z9": 0.03427660585318548,
    "Burden(1,25)-Z10": 0.5514096604657163,
    "STAAR-B(1,25)": 0.4625077114498473
  },
  "results_STAAR_B_1_1": {
    "Burden(1,1)": 0.2830858452247089,
    "Burden(1,1)-Z1": 0.1062146549366534,
    "Burden(1,1)-Z2": 0.2778900579237238,
    "Burden(1,1)-Z3": 0.9874102131811089,
    "Burden(1,1)-Z4": 0.3480598224730456,
    "Burden(1,1)-Z5": 0.2913680029925862,
    "Burden(1,1)-Z6": 0.6677253037643524,
    "Burden(1,1)-Z7": 0.7957473976662913,
    "Burden(1,1)-Z8": 0.03772222192318329,
    "Burden(1,1)-Z9": 0.051009701901832,
    "Burden(1,1)-Z10": 0.4870294737393225,
    "STAAR-B(1,1)": 0.6750592563063215
  }
}
