{
  "num_variant": 144,
  "cMAC": 7703,
  "results_STAAR_O_cond": 7.765690179795115e-08,
  "results_ACAT_O_cond": 8.879342439094273e-08,
  "results_STAAR_S_1_25_cond": {
    "SKAT(1,25)": 2.80018752788418e-08,
    "SKAT(1,25)-Z1": 8.422205846376374e-07,
    "SKAT(1,25)-Z2": 1.149522972692909e-08,
    "SKAT(1,25)-Z3": 1.367161182572772e-05,
    "SKAT(1,25)-Z4": 8.109847286033559e-08,
    "SKAT(1,25)-Z5": 6.04458352165719e-05,
    "SKAT(1,25)-Z6": 4.726337661914884e-08,
    "SKAT(1,25)-Z7": 1.717415077329487e-07,
    "SKAT(1,25)-Z8": 1.231305258604294e-08,
    "SKAT(1,25)-Z9": 1.729966449046805e-08,
    "SKAT(1,25)-Z10": 1.384280217235368e-07,
    "STAAR-S(1,25)": 3.5537045972589e-08
  },
  "results_STAAR_S_1_1_cond": {
    "SKAT(1,1)": 3.144920470419228e-08,
    "SKAT(1,1)-Z1": 1.053993747358721e-06,
    "SKAT(1,1)-Z2": 3.440728644246163e-08,
    "SKAT(1,1)-Z3": 0.00012713388846422,
    "SKAT(1,1)-Z4": 5.661826643506407e-08,
    "SKAT(1,1)-Z5": 0.0009812876564338957,
    "SKAT(1,1)-Z6": 8.039190452479913e-07,
    "SKAT(1,1)-Z7": 1.476539200620915e-06,
    "SKAT(1,1)-Z8": 3.094404092635073e-08,
    "SKAT(1,1)-Z9": 1.123457037696861e-07,
    "SKAT(1,1)-Z10": 2.399669088406102e-09,
    "STAAR-S(1,1)": 2.03951653343637e-08
  },
  "results_STAAR_B_1_25_cond": {
    "Burden(1,25)": 0.0007146750122684725,
    "Burden(1,25)-Z1": 0.001331528210362501,
    "Burden(1,25)-Z2": 8.136451586512915e-05,
    "Burden(1,25)-Z3": 0.004766678423334888,
    "Burden(1,25)-Z4": 5.22762066965916e-05,
    "Burden(1,25)-Z5": 0.03702550027554329,
    "Burden(1,25)-Z6": 0.001304736294855283,
    "Burden(1,25)-Z7": 0.0001768496288085705,
    "Burden(1,25)-Z8": 6.883815371825726e-05,
    "Burden(1,25)-Z9": 0.0003966433228184007,
    "Burden(1,25)-Z10": 0.02314805388629295,
    "STAAR-B(1,25)": 0.000191910090541203
  },
  "results_STAAR_B_1_1_cond": {
    "Burden(1,1)": 6.43632560310462e-05,
    "Burden(1,1)-Z1": 0.0001335765926379539,
    "Burden(1,1)-Z2": 1.463469169438682e-05,
    "Burden(1,1)-Z3": 0.001932387008766751,
    "Burden(1,1)-Z4": 5.026666701393266e-06,
    "Burden(1,1)-Z5": 0.01905523020674215,
    "Burden(1,1)-Z6": 0.0001593924362591168,
    "Burden(1,1)-Z7": 3.853557828064979e-05,
    "Burden(1,1)-Z8": 1.218552588205678e-05,
    "Burden(1,1)-Z9": 3.945699536648226e-05,
    "Burden(1,1)-Z10": 0.001508542522206635,
    "STAAR-B(1,1)": 2.551267626926812e-05
  },
  "results_STAAR_A_1_25_cond": {
    "ACAT-V(1,25)": 4.107890491451496e-05,
    "ACAT-V(1,25)-Z1": 4.647098037459298e-05,
    "ACAT-V(1,25)-Z2": 3.341511617505254e-05,
    "ACAT-V(1,25)-Z3": 4.817996045646036e-05,
    "ACAT-V(1,25)-Z4": 3.099135968402755e-05,
    "ACAT-V(1,25)-Z5": 5.373111221955524e-05,
    "ACAT-V(1,25)-Z6": 4.46691932210963e-05,
    "ACAT-V(1,25)-Z7": 3.220750840000781e-05,
    "ACAT-V(1,25)-Z8": 3.544334910732251e-05,
    "ACAT-V(1,25)-Z9": 3.336156547501928e-05,
    "ACAT-V(1,25)-Z10": 5.018519326138078e-05,
    "STAAR-A(1,25)": 3.943036129605559e-05
  },
  "results_STAAR_A_1_1_cond": {
    "ACAT-V(1,1)": 4.526651790711525e-05,
    "ACAT-V(1,1)-Z1": 4.93523923198767e-05,
    "ACAT-V(1,1)-Z2": 3.710482577898952e-05,
    "ACAT-V(1,1)-Z3": 5.984960423275684e-05,
    "ACAT-V(1,1)-Z4": 3.42482262903653e-05,
    "ACAT-V(1,1)-Z5": 7.133880367635489e-05,
    "ACAT-V(1,1)-Z6": 5.167191523459349e-05,
    "ACAT-V(1,1)-Z7": 3.909978127675951e-05,
    "ACAT-V(1,1)-Z8": 3.984356505975723e-05,
    "ACAT-V(1,1)-Z9": 4.04241916647517e-05,
    "ACAT-V(1,1)-Z10": 4.722726130506096e-05,
    "STAAR-A(1,1)": 4.48672393108529e-05
  }
}
