{
  "num_variant": 153,
  "results_STAAR_O": 0.0859847500219284,
  "results_STAAR_S_1_25": {
    "SKAT(1,25)": 0.0716925988290833,
    "SKAT(1,25)-Z1": 0.07214372521239948,
    "SKAT(1,25)-Z2": 0.2303589875283341,
    "SKAT(1,25)-Z3": 0.120785860594689,
    "SKAT(1,25)-Z4": 0.09416230637670141,
    "SKAT(1,25)-Z5": 0.02107842159180771,
    "SKAT(1,25)-Z6": 0.04827875897206708,
    "SKAT(1,25)-Z7": 0.06982117685448047,
    "SKAT(1,25)-Z8": 0.1284577188509625,
    "SKAT(1,25)-Z9": 0.04818774773596093,
    "SKAT(1,25)-Z10": 0.02985172726462845,
    "STAAR-S(1,25)": 0.05655608899975495
  },
  "results_STAAR_S_1_1": {
    "SKAT(1,1)": 0.08526021295857514,
    "SKAT(1,1)-Z1": 0.08624886329600424,
    "SKAT(1,1)-Z2": 0.2409582645698339,
    "SKAT(1,1)-Z3": 0.1274564814744864,
    "SKAT(1,1)-Z4": 0.1009088999185295,
    "SKAT(1,1)-Z5": 0.02843007269759352,
    "SKAT(1,1)-Z6": 0.06268425958644157,
    "SKAT(1,1)-Z7": 0.08105697255145752,
    "SKAT(1,1)-Z8": 0.1536704797353702,
    "SKAT(1,1)-Z9": 0.06067655812615309,
    "SKAT(1,1)-Z10": 0.03566116242637098,
    "STAAR-S(1,1)": 0.06931740400374031
  },
  "results_STAAR_B_1_25": {
    "Burden(1,25)": 0.3413608732881057,
    "Burden(1,25)-Z1": 0.01961718782334764,
    "Burden(1,25)-Z2": 0.1626485313771499,
    "Burden(1,25)-Z3": 0.5264752724693738,
    "Burden(1,25)-Z4": 0.1617242921265926,
    "Burden(1,25)-Z5": 0.1902907492173252,
    "Burden(1,25)-Z6": 0.5870371791809595,
    "Burden(1,25)-Z7": 0.3657496248951554,
    "Burden(1,25)-Z8": 0.08882969588716619,
    "Burden(1,25)-Z9": 0.08805388782455548,
    "Burden(1,25)-Z10": 0.5878196340628539,
    "STAAR-B(1,25)": 0.1168313878962817
  },
  "results_STAAR_B_1_1": {
    "Burden(1,1)": 0.3387795496247475,
    "Burden(1,1)-Z1": 0.01992053468211533,
    "Burden(1,1)-Z2": 0.1492697908603392,
    "Burden(1,1)-Z3": 0.5297640433541775,
    "Burden(1,1)-Z4": 0.1525471390069846,
    "Burden(1,1)-Z5": 0.2021748677593956,
    "Burden(1,1)-Z6": 0.6281895240146307,
    "Burden(1,1)-Z7": 0.4204360034896499,
    "Burden(1,1)-Z8": 0.08442192409252652,
    "Burden(1,1)-Z9": 0.08533463362519118,
    "Burden(1,1)-Z10": 0.5728903386474703,
    "STAAR-B(1,1)": 0.116903930249224
  },
  "results_STAAR_A_1_25": {
    "ACAT-V(1,25)": 0.1035795871839211,
    "ACAT-V(1,25)-Z1": 0.07719162304732237,
    "ACAT-V(1,25)-Z2": 0.1727719579180539,
    "ACAT-V(1,25)-Z3": 0.1578519118197384,
    "ACAT-V(1,25)-Z4": 0.09250001568768487,
    "ACAT-V(1,25)-Z5": 0.07182046919433543,
    "ACAT-V(1,25)-Z6": 0.0811427630849611,
    "ACAT-V(1,25)-Z7": 0.1116503703020248,
    "ACAT-V(1,25)-Z8": 0.07847372208827735,
    "ACAT-V(1,25)-Z9": 0.08416416050494988,
    "ACAT-V(1,25)-Z10": 0.07776334236057197,
    "STAAR-A(1,25)": 0.09326462179030059
  },
  "results_STAAR_A_1_1": {
    "ACAT-V(1,1)": 0.1109521936295065,
    "ACAT-V(1,1)-Z1": 0.0833852082235895,
    "ACAT-V(1,1)-Z2": 0.1891038690993466,
    "ACAT-V(1,1)-Z3": 0.1641395136691083,
    "ACAT-V(1,1)-Z4": 0.09826569215564405,
    "ACAT-V(1,1)-Z5": 0.07637762055879371,
    "ACAT-V(1,1)-Z6": 0.0891909237937622,
    "ACAT-V(1,1)-Z7": 0.1199697531838343,
    "ACAT-V(1,1)-Z8": 0.08661712659275839,
    "ACAT-V(1,1)-Z9": 0.09028643605863489,
    "ACAT-V(1,1)-Z10": 0.08283264709708736,
    "STAAR-A(1,1)": 0.1003721393681818
  },
  "nullmodel_beta": {},
  "nullmodel_theta": {
    "dispersion": 1.041309305712684,
    "kins1": 0.9195450185856849
  }
}
