{
  "num_variant": 147,
  "cMAC": 6227,
  "results_STAAR_O_cond": 0.09009576878483894,
  "results_ACAT_O_cond": 0.09036252298272807,
  "results_STAAR_S_1_25_cond": {
    "SKAT(1,25)": 0.04957664741503876,
    "SKAT(1,25)-Z1": 0.04698713524010815,
    "SKAT(1,25)-Z2": 0.05487228505609458,
    "SKAT(1,25)-Z3": 0.05724797876771116,
    "SKAT(1,25)-Z4": 0.05564415664491162,
    "SKAT(1,25)-Z5": 0.05276205600240091,
    "SKAT(1,25)-Z6": 0.03584784571443377,
    "SKAT(1,25)-Z7": 0.05247007521523987,
    "SKAT(1,25)-Z8": 0.05722639038470956,
    "SKAT(1,25)-Z9": 0.05234099808662209,
    "SKAT(1,25)-Z10": 0.05807152633875369,
    "STAAR-S(1,25)": 0.05121244033458838
  },
  "results_STAAR_S_1_1_cond": {
    "SKAT(1,1)": 0.09673245530785847,
    "SKAT(1,1)-Z1": 0.1252126333448407,
    "SKAT(1,1)-Z2": 0.1367922281288157,
    "SKAT(1,1)-Z3": 0.1160748578716343,
    "SKAT(1,1)-Z4": 0.1399634659287332,
    "SKAT(1,1)-Z5": 0.1417623351970491,
    "SKAT(1,1)-Z6": 0.07079448846810385,
    "SKAT(1,1)-Z7": 0.08393833087133842,
    "SKAT(1,1)-Z8": 0.1047537762873307,
    "SKAT(1,1)-Z9": 0.1120645075880078,
    "SKAT(1,1)-Z10": 0.1699036985610587,
    "STAAR-S(1,1)": 0.111565211304544
  },
  "results_STAAR_B_1_25_cond": {
    "Burden(1,25)": 0.0905039517609392,
    "Burden(1,25)-Z1": 0.07653627729460988,
    "Burden(1,25)-Z2": 0.1169599511838481,
    "Burden(1,25)-Z3": 0.1408718357886619,
    "Burden(1,25)-Z4": 0.06777543850127701,
    "Burden(1,25)-Z5": 0.06434560702755249,
    "Burden(1,25)-Z6": 0.1485785561594673,
    "Burden(1,25)-Z7": 0.2122514213683384,
    "Burden(1,25)-Z8": 0.04370551870599226,
    "Burden(1,25)-Z9": 0.07561485933195299,
    "Burden(1,25)-Z10": 0.0582107133111371,
    "STAAR-B(1,25)": 0.08201664825869059
  },
  "results_STAAR_B_1_1_cond": {
    "Burden(1,1)": 0.1440820174342288,
    "Burden(1,1)-Z1": 0.1220923185393495,
    "Burden(1,1)-Z2": 0.1635675574935619,
    "Burden(1,1)-Z3": 0.3167060682385739,
    "Burden(1,1)-Z4": 0.08072231388811414,
    "Burden(1,1)-Z5": 0.08869524106966674,
    "Burden(1,1)-Z6": 0.3251202735734208,
    "Burden(1,1)-Z7": 0.4146931008463389,
    "Burden(1,1)-Z8": 0.07695661002683896,
    "Burden(1,1)-Z9": 0.1058762046005378,
    "Burden(1,1)-Z10": 0.06383120844456694,
    "STAAR-B(1,1)": 0.1228766542994864
  },
  "results_STAAR_A_1_25_cond": {
    "ACAT-V(1,25)": 0.09444317956384329,
    "ACAT-V(1,25)-Z1": 0.1015234446856362,
    "ACAT-V(1,25)-Z2": 0.09610332170587994,
    "ACAT-V(1,25)-Z3": 0.1073549203734638,
    "ACAT-V(1,25)-Z4": 0.09399118860811946,
    "ACAT-V(1,25)-Z5": 0.09912803562189018,
    "ACAT-V(1,25)-Z6": 0.07744528162712418,
    "ACAT-V(1,25)-Z7": 0.09192059245717192,
    "ACAT-V(1,25)-Z8": 0.1043357419104418,
    "ACAT-V(1,25)-Z9": 0.08651367662801678,
    "ACAT-V(1,25)-Z10": 0.09549056233938208,
    "STAAR-A(1,25)": 0.09460974440567738
  },
  "results_STAAR_A_1_1_cond": {
    "ACAT-V(1,1)": 0.1326801913172229,
    "ACAT-V(1,1)-Z1": 0.14706539262145,
    "ACAT-V(1,1)-Z2": 0.1400009966185977,
    "ACAT-V(1,1)-Z3": 0.1433476745095291,
    "ACAT-V(1,1)-Z4": 0.1421547954494512,
    "ACAT-V(1,1)-Z5": 0.1487588269216896,
    "ACAT-V(1,1)-Z6": 0.1159093649696102,
    "ACAT-V(1,1)-Z7": 0.118863980755236,
    "ACAT-V(1,1)-Z8": 0.1352951288949972,
    "ACAT-V(1,1)-Z9": 0.1234356834719736,
    "ACAT-V(1,1)-Z10": 0.1497539525309816,
    "STAAR-A(1,1)": 0.1351587648174786
  }
}
