{
  "num_variant": 163,
  "cMAC": 7578,
  "case_count": 500,
  "results_STAAR_B": 0.2336049736705653,
  "results_STAAR_B_1_25": {
    "Burden(1,25)": 0.3026909951596251,
    "Burden(1,25)-Z1": 0.08123832547296864,
    "Burden(1,25)-Z2": 0.2779301361902549,
    "Burden(1,25)-Z3": 1,
    "Burden(1,25)-Z4": 0.3905580675259955,
    "Burden(1,25)-Z5": 0.326288059366696,
    "Burden(1,25)-Z6": 0.7606594165235806,
    "Burden(1,25)-Z7": 0.7816435036679128,
    "Burden(1,25)-Z8": 0.01805519375398322,
    "Burden(1,25)-Z9": 0.03427660585318548,
    "Burden(1,25)-Z10": 0.5572851017931253,
    "STAAR-B(1,25)": 0.1001159926021788
  },
  "results_STAAR_B_1_1": {
    "Burden(1,1)": 0.2902011430933703,
    "Burden(1,1)-Z1": 0.111504082570998,
    "Burden(1,1)-Z2": 0.2849854024203989,
    "Burden(1,1)-Z3": 0.9875870952711523,
    "Burden(1,1)-Z4": 0.3553350019338833,
    "Burden(1,1)-Z5": 0.2985177513165221,
    "Burden(1,1)-Z6": 0.6722833747756627,
    "Burden(1,1)-Z7": 0.7987181922016958,
    "Burden(1,1)-Z8": 0.03772222192318329,
    "Burden(1,1)-Z9": 0.051009701901832,
    "Burden(1,1)-Z10": 0.4936298195799353,
    "STAAR-B(1,1)": 0.6896087337669509
  }
}
