{
  "num_variant": 144,
  "cMAC": 7703,
  "results_STAAR_O_cond": 7.765690179795115e-08,
  "results_ACAT_O_cond": 8.879342439094273e-08,
  "results_STAAR_S_1_25_cond": {
    "SKAT(1,25)": 2.800187527853195e-08,
    "SKAT(1,25)-Z1": 8.422205846306758e-07,
    "SKAT(1,25)-Z2": 1.149522972681383e-08,
    "SKAT(1,25)-Z3": 1.367161182563944e-05,
    "SKAT(1,25)-Z4": 8.109847285958684e-08,
    "SKAT(1,25)-Z5": 6.044583521619913e-05,
    "SKAT(1,25)-Z6": 4.726337661860824e-08,
    "SKAT(1,25)-Z7": 1.717415077313939e-07,
    "SKAT(1,25)-Z8": 1.231305258591125e-08,
    "SKAT(1,25)-Z9": 1.729966449028638e-08,
    "SKAT(1,25)-Z10": 1.384280217222965e-07,
    "STAAR-S(1,25)": 3.5537045972589e-08
  },
  "results_STAAR_S_1_1_cond": {
    "SKAT(1,1)": 3.144920470388951e-08,
    "SKAT(1,1)-Z1": 1.053993747351454e-06,
    "SKAT(1,1)-Z2": 3.440728644219002e-08,
    "SKAT(1,1)-Z3": 0.0001271338884636644,
    "SKAT(1,1)-Z4": 5.661826643457208e-08,
    "SKAT(1,1)-Z5": 0.0009812876564301879,
    "SKAT(1,1)-Z6": 8.039190452415985e-07,
    "SKAT(1,1)-Z7": 1.476539200610379e-06,
    "SKAT(1,1)-Z8": 3.094404092607264e-08,
    "SKAT(1,1)-Z9": 1.123457037687355e-07,
    "SKAT(1,1)-Z10": 2.399669088381356e-09,
    "STAAR-S(1,1)": 2.03951653343637e-08
  },
  "results_STAAR_B_1_25_cond": {
    "Burden(1,25)": 0.0007146750122664301,
    "Burden(1,25)-Z1": 0.001331528210359391,
    "Burden(1,25)-Z2": 8.136451586486106e-05,
    "Burden(1,25)-Z3": 0.004766678423323262,
    "Burden(1,25)-Z4": 5.227620669638696e-05,
    "Burden(1,25)-Z5": 0.03702550027547956,
    "Burden(1,25)-Z6": 0.00130473629485215,
    "Burden(1,25)-Z7": 0.0001768496288079451,
    "Burden(1,25)-Z8": 6.883815371798622e-05,
    "Burden(1,25)-Z9": 0.0003966433228171537,
    "Burden(1,25)-Z10": 0.02314805388626999,
    "STAAR-B(1,25)": 0.0001919100905405369
  },
  "results_STAAR_B_1_1_cond": {
    "Burden(1,1)": 6.436325603079431e-05,
    "Burden(1,1)-Z1": 0.0001335765926375167,
    "Burden(1,1)-Z2": 1.463469169432911e-05,
    "Burden(1,1)-Z3": 0.001932387008761427,
    "Burden(1,1)-Z4": 5.026666701367915e-06,
    "Burden(1,1)-Z5": 0.01905523020670241,
    "Burden(1,1)-Z6": 0.0001593924362585648,
    "Burden(1,1)-Z7": 3.853557828048542e-05,
    "Burden(1,1)-Z8": 1.21855258819994e-05,
    "Burden(1,1)-Z9": 3.945699536631736e-05,
    "Burden(1,1)-Z10": 0.001508542522203535,
    "STAAR-B(1,1)": 2.55126762691571e-05
  },
  "results_STAAR_A_1_25_cond": {
    "ACAT-V(1,25)": 4.107890491450684e-05,
    "ACAT-V(1,25)-Z1": 4.647098037457669e-05,
    "ACAT-V(1,25)-Z2": 3.341511617504322e-05,
    "ACAT-V(1,25)-Z3": 4.81799604564513e-05,
    "ACAT-V(1,25)-Z4": 3.099135968402309e-05,
    "ACAT-V(1,25)-Z5": 5.37311122195535e-05,
    "ACAT-V(1,25)-Z6": 4.466919322109035e-05,
    "ACAT-V(1,25)-Z7": 3.220750840000417e-05,
    "ACAT-V(1,25)-Z8": 3.544334910731608e-05,
    "ACAT-V(1,25)-Z9": 3.336156547501271e-05,
    "ACAT-V(1,25)-Z10": 5.018519326136492e-05,
    "STAAR-A(1,25)": 3.943036129605559e-05
  },
  "results_STAAR_A_1_1_cond": {
    "ACAT-V(1,1)": 4.52665179070915e-05,
    "ACAT-V(1,1)-Z1": 4.935239231983506e-05,
    "ACAT-V(1,1)-Z2": 3.710482577896142e-05,
    "ACAT-V(1,1)-Z3": 5.984960423272599e-05,
    "ACAT-V(1,1)-Z4": 3.424822629035171e-05,
    "ACAT-V(1,1)-Z5": 7.13388036763502e-05,
    "ACAT-V(1,1)-Z6": 5.16719152345741e-05,
    "ACAT-V(1,1)-Z7": 3.909978127674709e-05,
    "ACAT-V(1,1)-Z8": 3.984356505973896e-05,
    "ACAT-V(1,1)-Z9": 4.042419166472977e-05,
    "ACAT-V(1,1)-Z10": 4.722726130502581e-05,
    "STAAR-A(1,1)": 4.486723931074188e-05
  }
}
