{
  "num_variant": 144,
  "results_STAAR_O": 8.164888154471583e-08,
  "results_STAAR_S_1_25": {
    "SKAT(1,25)": 3.107265133041016e-08,
    "SKAT(1,25)-Z1": 8.965389715233768e-07,
    "SKAT(1,25)-Z2": 1.221762242915012e-08,
    "SKAT(1,25)-Z3": 1.483090783036183e-05,
    "SKAT(1,25)-Z4": 8.88026292551768e-08,
    "SKAT(1,25)-Z5": 6.382733615561754e-05,
    "SKAT(1,25)-Z6": 5.368612195998233e-08,
    "SKAT(1,25)-Z7": 1.8310569076361e-07,
    "SKAT(1,25)-Z8": 1.398980328033966e-08,
    "SKAT(1,25)-Z9": 1.951332421603464e-08,
    "SKAT(1,25)-Z10": 1.449075518895007e-07,
    "STAAR-S(1,25)": 3.92565826512481e-08
  },
  "results_STAAR_S_1_1": {
    "SKAT(1,1)": 3.255135347586138e-08,
    "SKAT(1,1)-Z1": 1.078441082977863e-06,
    "SKAT(1,1)-Z2": 3.406021882081425e-08,
    "SKAT(1,1)-Z3": 0.0001267149964977126,
    "SKAT(1,1)-Z4": 6.118792556156403e-08,
    "SKAT(1,1)-Z5": 0.0009746232472031071,
    "SKAT(1,1)-Z6": 8.306386976687676e-07,
    "SKAT(1,1)-Z7": 1.489441366411558e-06,
    "SKAT(1,1)-Z8": 3.237281536258019e-08,
    "SKAT(1,1)-Z9": 1.148568141465355e-07,
    "SKAT(1,1)-Z10": 2.448938104814464e-09,
    "STAAR-S(1,1)": 2.086606032403182e-08
  },
  "results_STAAR_B_1_25": {
    "Burden(1,25)": 0.0008343474567132569,
    "Burden(1,25)-Z1": 0.001434753415112325,
    "Burden(1,25)-Z2": 5.792632992150104e-05,
    "Burden(1,25)-Z3": 0.004992025497264764,
    "Burden(1,25)-Z4": 5.905731213384952e-05,
    "Burden(1,25)-Z5": 0.04143790027309204,
    "Burden(1,25)-Z6": 0.001729720934779103,
    "Burden(1,25)-Z7": 0.0001531037620281309,
    "Burden(1,25)-Z8": 0.0001458111524470192,
    "Burden(1,25)-Z9": 0.0004831597915644678,
    "Burden(1,25)-Z10": 0.02237683358937036,
    "STAAR-B(1,25)": 0.000209931744969083
  },
  "results_STAAR_B_1_1": {
    "Burden(1,1)": 6.841263232671724e-05,
    "Burden(1,1)-Z1": 0.0001365031000880566,
    "Burden(1,1)-Z2": 1.020114999418707e-05,
    "Burden(1,1)-Z3": 0.001851101786594669,
    "Burden(1,1)-Z4": 5.174826604498401e-06,
    "Burden(1,1)-Z5": 0.01985760897981039,
    "Burden(1,1)-Z6": 0.0001924772916368775,
    "Burden(1,1)-Z7": 3.189511798178958e-05,
    "Burden(1,1)-Z8": 2.034024914499479e-05,
    "Burden(1,1)-Z9": 4.275076575088544e-05,
    "Burden(1,1)-Z10": 0.001411070731034388,
    "STAAR-B(1,1)": 2.596686813705062e-05
  },
  "results_STAAR_A_1_25": {
    "ACAT-V(1,25)": 4.485798032399975e-05,
    "ACAT-V(1,25)-Z1": 5.000659194981976e-05,
    "ACAT-V(1,25)-Z2": 3.584524808800604e-05,
    "ACAT-V(1,25)-Z3": 5.280219580953265e-05,
    "ACAT-V(1,25)-Z4": 3.392958273775704e-05,
    "ACAT-V(1,25)-Z5": 5.959996645588716e-05,
    "ACAT-V(1,25)-Z6": 4.924114910141591e-05,
    "ACAT-V(1,25)-Z7": 3.49408458799444e-05,
    "ACAT-V(1,25)-Z8": 3.938534315889766e-05,
    "ACAT-V(1,25)-Z9": 3.658938094782961e-05,
    "ACAT-V(1,25)-Z10": 5.42464190706538e-05,
    "STAAR-A(1,25)": 4.305949613025994e-05
  },
  "results_STAAR_A_1_1": {
    "ACAT-V(1,1)": 4.86376956528835e-05,
    "ACAT-V(1,1)-Z1": 5.229274476170767e-05,
    "ACAT-V(1,1)-Z2": 3.93101174762148e-05,
    "ACAT-V(1,1)-Z3": 6.437836042091937e-05,
    "ACAT-V(1,1)-Z4": 3.694611824034003e-05,
    "ACAT-V(1,1)-Z5": 7.806651165881091e-05,
    "ACAT-V(1,1)-Z6": 5.59697075223357e-05,
    "ACAT-V(1,1)-Z7": 4.199726958869669e-05,
    "ACAT-V(1,1)-Z8": 4.329939211330775e-05,
    "ACAT-V(1,1)-Z9": 4.349336038881186e-05,
    "ACAT-V(1,1)-Z10": 5.029875341576184e-05,
    "STAAR-A(1,1)": 4.820811365735533e-05
  },
  "nullmodel_beta": {},
  "nullmodel_theta": {
    "dispersion": 1.008071234394793,
    "kins1": 1.046527078428483
  }
}
