{
  "num_variant": 163,
  "cMAC": 7578,
  "case_count": 500,
  "results_STAAR_B": 0.233605092772099,
  "results_STAAR_B_1_25": {
    "Burden(1,25)": 0.3026909215675297,
    "Burden(1,25)-Z1": 0.08123836894426195,
    "Burden(1,25)-Z2": 0.277930031864831,
    "Burden(1,25)-Z3": 1,
    "Burden(1,25)-Z4": 0.3905579877787253,
    "Burden(1,25)-Z5": 0.3262879430025668,
    "Burden(1,25)-Z6": 0.7606593471851091,
    "Burden(1,25)-Z7": 0.7816433655472534,
    "Burden(1,25)-Z8": 0.01805520594716113,
    "Burden(1,25)-Z9": 0.03427667179057241,
    "Burden(1,25)-Z10": 0.5572849156207446,
    "STAAR-B(1,25)": 0.100116078365781
  },
  "results_STAAR_B_1_1": {
    "Burden(1,1)": 0.2902011077266636,
    "Burden(1,1)-Z1": 0.1115040994726806,
    "Burden(1,1)-Z2": 0.2849853212638223,
    "Burden(1,1)-Z3": 0.9875870857654432,
    "Burden(1,1)-Z4": 0.355334891600056,
    "Burden(1,1)-Z5": 0.2985176764835166,
    "Burden(1,1)-Z6": 0.6722833472594175,
    "Burden(1,1)-Z7": 0.7987180826976757,
    "Burden(1,1)-Z8": 0.0377222478092397,
    "Burden(1,1)-Z9": 0.0510097475579761,
    "Burden(1,1)-Z10": 0.4936296921382106,
    "STAAR-B(1,1)": 0.6896085228760556
  }
}
