{
  "num_variant": 153,
  "results_STAAR_O": 0.08598475002179684,
  "results_STAAR_S_1_25": {
    "SKAT(1,25)": 0.0716925988290297,
    "SKAT(1,25)-Z1": 0.07214372521236728,
    "SKAT(1,25)-Z2": 0.2303589875299789,
    "SKAT(1,25)-Z3": 0.1207858605948149,
    "SKAT(1,25)-Z4": 0.09416230637665803,
    "SKAT(1,25)-Z5": 0.021078421591752,
    "SKAT(1,25)-Z6": 0.04827875897202248,
    "SKAT(1,25)-Z7": 0.06982117685444707,
    "SKAT(1,25)-Z8": 0.1284577188511429,
    "SKAT(1,25)-Z9": 0.04818774773590438,
    "SKAT(1,25)-Z10": 0.02985172726456471,
    "STAAR-S(1,25)": 0.05655608899969378
  },
  "results_STAAR_S_1_1": {
    "SKAT(1,1)": 0.08526021295856141,
    "SKAT(1,1)-Z1": 0.08624886329601802,
    "SKAT(1,1)-Z2": 0.2409582645717475,
    "SKAT(1,1)-Z3": 0.1274564814746369,
    "SKAT(1,1)-Z4": 0.1009088999185212,
    "SKAT(1,1)-Z5": 0.02843007269753525,
    "SKAT(1,1)-Z6": 0.06268425958641255,
    "SKAT(1,1)-Z7": 0.08105697255144735,
    "SKAT(1,1)-Z8": 0.153670479735722,
    "SKAT(1,1)-Z9": 0.06067655812612707,
    "SKAT(1,1)-Z10": 0.03566116242630896,
    "STAAR-S(1,1)": 0.06931740400370923
  },
  "results_STAAR_B_1_25": {
    "Burden(1,25)": 0.3413608732880255,
    "Burden(1,25)-Z1": 0.01961718782331824,
    "Burden(1,25)-Z2": 0.1626485313771034,
    "Burden(1,25)-Z3": 0.5264752724693299,
    "Burden(1,25)-Z4": 0.1617242921264885,
    "Burden(1,25)-Z5": 0.1902907492172,
    "Burden(1,25)-Z6": 0.587037179180958,
    "Burden(1,25)-Z7": 0.3657496248950244,
    "Burden(1,25)-Z8": 0.08882969588708976,
    "Burden(1,25)-Z9": 0.08805388782444537,
    "Burden(1,25)-Z10": 0.5878196340628413,
    "STAAR-B(1,25)": 0.1168313878961461
  },
  "results_STAAR_B_1_1": {
    "Burden(1,1)": 0.3387795496246768,
    "Burden(1,1)-Z1": 0.01992053468208599,
    "Burden(1,1)-Z2": 0.1492697908602962,
    "Burden(1,1)-Z3": 0.5297640433541509,
    "Burden(1,1)-Z4": 0.1525471390068875,
    "Burden(1,1)-Z5": 0.2021748677592766,
    "Burden(1,1)-Z6": 0.6281895240146559,
    "Burden(1,1)-Z7": 0.4204360034895388,
    "Burden(1,1)-Z8": 0.08442192409245566,
    "Burden(1,1)-Z9": 0.08533463362508803,
    "Burden(1,1)-Z10": 0.572890338647465,
    "STAAR-B(1,1)": 0.1169039302490922
  },
  "results_STAAR_A_1_25": {
    "ACAT-V(1,25)": 0.1035795871836159,
    "ACAT-V(1,25)-Z1": 0.07719162304705078,
    "ACAT-V(1,25)-Z2": 0.1727719579177376,
    "ACAT-V(1,25)-Z3": 0.1578519118194239,
    "ACAT-V(1,25)-Z4": 0.09250001568738023,
    "ACAT-V(1,25)-Z5": 0.07182046919410189,
    "ACAT-V(1,25)-Z6": 0.08114276308473482,
    "ACAT-V(1,25)-Z7": 0.1116503703017708,
    "ACAT-V(1,25)-Z8": 0.07847372208798173,
    "ACAT-V(1,25)-Z9": 0.08416416050467661,
    "ACAT-V(1,25)-Z10": 0.07776334236037169,
    "STAAR-A(1,25)": 0.09326462179002193
  },
  "results_STAAR_A_1_1": {
    "ACAT-V(1,1)": 0.1109521936291886,
    "ACAT-V(1,1)-Z1": 0.08338520822330309,
    "ACAT-V(1,1)-Z2": 0.1891038690990249,
    "ACAT-V(1,1)-Z3": 0.1641395136687996,
    "ACAT-V(1,1)-Z4": 0.09826569215532474,
    "ACAT-V(1,1)-Z5": 0.07637762055855095,
    "ACAT-V(1,1)-Z6": 0.08919092379351937,
    "ACAT-V(1,1)-Z7": 0.1199697531835718,
    "ACAT-V(1,1)-Z8": 0.08661712659243545,
    "ACAT-V(1,1)-Z9": 0.09028643605834667,
    "ACAT-V(1,1)-Z10": 0.08283264709687836,
    "STAAR-A(1,1)": 0.1003721393678891
  },
  "nullmodel_beta": {},
  "nullmodel_theta": {
    "dispersion": 1.041309305712744,
    "kins1": 0.9195450185855097
  }
}
