{
  "num_variant": 163,
  "cMAC": 7578,
  "results_STAAR_O_cond": 0.1427301079096531,
  "results_ACAT_O_cond": 0.2284892278688497,
  "results_STAAR_S_1_25_cond": {
    "SKAT(1,25)": 0.1174090349466885,
    "SKAT(1,25)-Z1": 0.1607033263362872,
    "SKAT(1,25)-Z2": 0.4360863613171269,
    "SKAT(1,25)-Z3": 0.1742399631715133,
    "SKAT(1,25)-Z4": 0.1432859704784657,
    "SKAT(1,25)-Z5": 0.01637999645785292,
    "SKAT(1,25)-Z6": 0.09003457739442447,
    "SKAT(1,25)-Z7": 0.09938458914881314,
    "SKAT(1,25)-Z8": 0.1954493908559363,
    "SKAT(1,25)-Z9": 0.1236678839308147,
    "SKAT(1,25)-Z10": 0.1031636748168131,
    "STAAR-S(1,25)": 0.08323599939926529
  },
  "results_STAAR_S_1_1_cond": {
    "SKAT(1,1)": 0.3244664222936399,
    "SKAT(1,1)-Z1": 0.369578367494744,
    "SKAT(1,1)-Z2": 0.4824837168040317,
    "SKAT(1,1)-Z3": 0.2987918667316187,
    "SKAT(1,1)-Z4": 0.3164517232380072,
    "SKAT(1,1)-Z5": 0.07796381337575026,
    "SKAT(1,1)-Z6": 0.270446245829833,
    "SKAT(1,1)-Z7": 0.2437725812322388,
    "SKAT(1,1)-Z8": 0.4218144839976978,
    "SKAT(1,1)-Z9": 0.3538713748060044,
    "SKAT(1,1)-Z10": 0.3450799762108657,
    "STAAR-S(1,1)": 0.2702700194790997
  },
  "results_STAAR_B_1_25_cond": {
    "Burden(1,25)": 0.2848808977723145,
    "Burden(1,25)-Z1": 0.01809989257127874,
    "Burden(1,25)-Z2": 0.1565409609050902,
    "Burden(1,25)-Z3": 0.3029287259249759,
    "Burden(1,25)-Z4": 0.2865116855787157,
    "Burden(1,25)-Z5": 0.07013537132387654,
    "Burden(1,25)-Z6": 0.4095259686539815,
    "Burden(1,25)-Z7": 0.3481750791635338,
    "Burden(1,25)-Z8": 0.07987985265644384,
    "Burden(1,25)-Z9": 0.05889593232541621,
    "Burden(1,25)-Z10": 0.4248619643913482,
    "STAAR-B(1,25)": 0.09317408952011497
  },
  "results_STAAR_B_1_1_cond": {
    "Burden(1,1)": 0.2585590613729808,
    "Burden(1,1)-Z1": 0.04978677838056993,
    "Burden(1,1)-Z2": 0.1340320104314997,
    "Burden(1,1)-Z3": 0.2552214967676041,
    "Burden(1,1)-Z4": 0.2333774558047511,
    "Burden(1,1)-Z5": 0.05919914493953778,
    "Burden(1,1)-Z6": 0.2948522409378748,
    "Burden(1,1)-Z7": 0.4167498907624944,
    "Burden(1,1)-Z8": 0.106920138084426,
    "Burden(1,1)-Z9": 0.07705852553439331,
    "Burden(1,1)-Z10": 0.4878133050685805,
    "STAAR-B(1,1)": 0.1324785788035292
  },
  "results_STAAR_A_1_25_cond": {
    "ACAT-V(1,25)": 0.1890339426276723,
    "ACAT-V(1,25)-Z1": 0.1497556599235535,
    "ACAT-V(1,25)-Z2": 0.2785613119408516,
    "ACAT-V(1,25)-Z3": 0.2784927842904191,
    "ACAT-V(1,25)-Z4": 0.1679855679780057,
    "ACAT-V(1,25)-Z5": 0.09122901278989926,
    "ACAT-V(1,25)-Z6": 0.1331920087007271,
    "ACAT-V(1,25)-Z7": 0.1669886356204499,
    "ACAT-V(1,25)-Z8": 0.1824703952952682,
    "ACAT-V(1,25)-Z9": 0.1818713459559612,
    "ACAT-V(1,25)-Z10": 0.2209736456596499,
    "STAAR-A(1,25)": 0.1706859986117543
  },
  "results_STAAR_A_1_1_cond": {
    "ACAT-V(1,1)": 0.3684593435071798,
    "ACAT-V(1,1)-Z1": 0.2925221754882221,
    "ACAT-V(1,1)-Z2": 0.3530868659822949,
    "ACAT-V(1,1)-Z3": 0.496173909049465,
    "ACAT-V(1,1)-Z4": 0.3071987496061267,
    "ACAT-V(1,1)-Z5": 0.1325719675684725,
    "ACAT-V(1,1)-Z6": 0.233969723030419,
    "ACAT-V(1,1)-Z7": 0.279528194186419,
    "ACAT-V(1,1)-Z8": 0.5181767798110386,
    "ACAT-V(1,1)-Z9": 0.4514887763521999,
    "ACAT-V(1,1)-Z10": 0.5581209282998734,
    "STAAR-A(1,1)": 0.3298629624850364
  }
}
