{
  "num_variant": 163,
  "cMAC": 7578,
  "case_count": 1000,
  "results_STAAR_B": 0.3067018241722759,
  "results_STAAR_B_1_25": {
    "Burden(1,25)": 0.5659049418816023,
    "Burden(1,25)-Z1": 0.04331695852551601,
    "Burden(1,25)-Z2": 0.3141563507350205,
    "Burden(1,25)-Z3": 0.4948815603305824,
    "Burden(1,25)-Z4": 0.6229902676606244,
    "Burden(1,25)-Z5": 0.403466450510605,
    "Burden(1,25)-Z6": 0.5309190618324897,
    "Burden(1,25)-Z7": 0.3930342301486883,
    "Burden(1,25)-Z8": 0.3819832432538132,
    "Burden(1,25)-Z9": 0.2574834197159888,
    "Burden(1,25)-Z10": 0.5150614222107104,
    "STAAR-B(1,25)": 0.2778974962138988
  },
  "results_STAAR_B_1_1": {
    "Burden(1,1)": 0.504710906490155,
    "Burden(1,1)-Z1": 0.0982291785482447,
    "Burden(1,1)-Z2": 0.3173004240398025,
    "Burden(1,1)-Z3": 0.398358307935077,
    "Burden(1,1)-Z4": 0.5861063475018639,
    "Burden(1,1)-Z5": 0.2966862851887919,
    "Burden(1,1)-Z6": 0.5439493740518401,
    "Burden(1,1)-Z7": 0.2748089920241698,
    "Burden(1,1)-Z8": 0.5183628984961545,
    "Burden(1,1)-Z9": 0.2547212931092603,
    "Burden(1,1)-Z10": 0.5411686219316867,
    "STAAR-B(1,1)": 0.3396347860598062
  }
}
