{
  "num_variant": 153,
  "results_STAAR_O": 0.01484824324826683,
  "results_STAAR_S_1_25": {
    "SKAT(1,25)": 0.02857408380763435,
    "SKAT(1,25)-Z1": 0.01815983966052211,
    "SKAT(1,25)-Z2": 0.04689850039299293,
    "SKAT(1,25)-Z3": 0.1384925435342037,
    "SKAT(1,25)-Z4": 0.01987548596277273,
    "SKAT(1,25)-Z5": 0.01360261291451069,
    "SKAT(1,25)-Z6": 0.04058102498372822,
    "SKAT(1,25)-Z7": 0.05367765198983736,
    "SKAT(1,25)-Z8": 0.03484200070432855,
    "SKAT(1,25)-Z9": 0.00943222283797886,
    "SKAT(1,25)-Z10": 0.007474581293533555,
    "STAAR-S(1,25)": 0.01987092673652724
  },
  "results_STAAR_S_1_1": {
    "SKAT(1,1)": 0.04041321525275268,
    "SKAT(1,1)-Z1": 0.02501972630459819,
    "SKAT(1,1)-Z2": 0.05560173242470279,
    "SKAT(1,1)-Z3": 0.1566850764769481,
    "SKAT(1,1)-Z4": 0.02972175787306083,
    "SKAT(1,1)-Z5": 0.02217251455215298,
    "SKAT(1,1)-Z6": 0.06548471242504696,
    "SKAT(1,1)-Z7": 0.07856224691055592,
    "SKAT(1,1)-Z8": 0.04880900705358982,
    "SKAT(1,1)-Z9": 0.01470759617898716,
    "SKAT(1,1)-Z10": 0.0131782316534252,
    "STAAR-S(1,1)": 0.03060017380973834
  },
  "results_STAAR_B_1_25": {
    "Burden(1,25)": 0.1338850106800102,
    "Burden(1,25)-Z1": 0.002648587117343514,
    "Burden(1,25)-Z2": 0.07435862196458404,
    "Burden(1,25)-Z3": 0.237706582794183,
    "Burden(1,25)-Z4": 0.02084231117723941,
    "Burden(1,25)-Z5": 0.08481424895274237,
    "Burden(1,25)-Z6": 0.3283439907829506,
    "Burden(1,25)-Z7": 0.1393885448142676,
    "Burden(1,25)-Z8": 0.03831461405267274,
    "Burden(1,25)-Z9": 0.01235938668250993,
    "Burden(1,25)-Z10": 0.1144582812503276,
    "STAAR-B(1,25)": 0.01880141051087758
  },
  "results_STAAR_B_1_1": {
    "Burden(1,1)": 0.1352292345729028,
    "Burden(1,1)-Z1": 0.002944874938886231,
    "Burden(1,1)-Z2": 0.07281830384083313,
    "Burden(1,1)-Z3": 0.2419742839621137,
    "Burden(1,1)-Z4": 0.01980287841803615,
    "Burden(1,1)-Z5": 0.0892530955326947,
    "Burden(1,1)-Z6": 0.3608819713133848,
    "Burden(1,1)-Z7": 0.1695166704213322,
    "Burden(1,1)-Z8": 0.04087967469458619,
    "Burden(1,1)-Z9": 0.01185486965862635,
    "Burden(1,1)-Z10": 0.1161917581037836,
    "STAAR-B(1,1)": 0.02003525998636058
  },
  "results_STAAR_A_1_25": {
    "ACAT-V(1,25)": 0.01086157166363654,
    "ACAT-V(1,25)-Z1": 0.01171423882033816,
    "ACAT-V(1,25)-Z2": 0.008671080635705762,
    "ACAT-V(1,25)-Z3": 0.01913217833287034,
    "ACAT-V(1,25)-Z4": 0.006573518283037326,
    "ACAT-V(1,25)-Z5": 0.008977429596908395,
    "ACAT-V(1,25)-Z6": 0.006827344233978504,
    "ACAT-V(1,25)-Z7": 0.008151542981405717,
    "ACAT-V(1,25)-Z8": 0.008515753748937366,
    "ACAT-V(1,25)-Z9": 0.008010558277603346,
    "ACAT-V(1,25)-Z10": 0.005311239759526507,
    "STAAR-A(1,25)": 0.008408496287615863
  },
  "results_STAAR_A_1_1": {
    "ACAT-V(1,1)": 0.01305118373771213,
    "ACAT-V(1,1)-Z1": 0.01387407523685308,
    "ACAT-V(1,1)-Z2": 0.01063254083811771,
    "ACAT-V(1,1)-Z3": 0.02342823721514525,
    "ACAT-V(1,1)-Z4": 0.00770136780186523,
    "ACAT-V(1,1)-Z5": 0.01061956138471056,
    "ACAT-V(1,1)-Z6": 0.008430878733666224,
    "ACAT-V(1,1)-Z7": 0.009941251855215501,
    "ACAT-V(1,1)-Z8": 0.01030065943054819,
    "ACAT-V(1,1)-Z9": 0.009494850895953064,
    "ACAT-V(1,1)-Z10": 0.006277541475728512,
    "STAAR-A(1,1)": 0.01008891490944164
  },
  "nullmodel_beta": {},
  "nullmodel_dispersion": []
}
