{
  "num_variant": 163,
  "cMAC": 7578,
  "results_STAAR_O_cond": 0.02290792528568009,
  "results_ACAT_O_cond": 0.04215881284193634,
  "results_STAAR_S_1_25_cond": {
    "SKAT(1,25)": 0.0289948713990002,
    "SKAT(1,25)-Z1": 0.03000306875213829,
    "SKAT(1,25)-Z2": 0.1681181379869759,
    "SKAT(1,25)-Z3": 0.2051353666118136,
    "SKAT(1,25)-Z4": 0.0211332094048472,
    "SKAT(1,25)-Z5": 0.008335496994224131,
    "SKAT(1,25)-Z6": 0.07309313607501247,
    "SKAT(1,25)-Z7": 0.02746259833753349,
    "SKAT(1,25)-Z8": 0.03961568636789146,
    "SKAT(1,25)-Z9": 0.02761583566812295,
    "SKAT(1,25)-Z10": 0.02325825907185638,
    "STAAR-S(1,25)": 0.02754878360687618
  },
  "results_STAAR_S_1_1_cond": {
    "SKAT(1,1)": 0.1686763528258636,
    "SKAT(1,1)-Z1": 0.1748800609625002,
    "SKAT(1,1)-Z2": 0.3314181795590658,
    "SKAT(1,1)-Z3": 0.3814114617319236,
    "SKAT(1,1)-Z4": 0.1661833451787008,
    "SKAT(1,1)-Z5": 0.0610974164707611,
    "SKAT(1,1)-Z6": 0.2624179552663731,
    "SKAT(1,1)-Z7": 0.07777766868576666,
    "SKAT(1,1)-Z8": 0.2123363985334133,
    "SKAT(1,1)-Z9": 0.1748608732986178,
    "SKAT(1,1)-Z10": 0.1863233921601763,
    "STAAR-S(1,1)": 0.156453265011166
  },
  "results_STAAR_B_1_25_cond": {
    "Burden(1,25)": 0.09456815119353748,
    "Burden(1,25)-Z1": 0.001436405403899399,
    "Burden(1,25)-Z2": 0.03120018725079267,
    "Burden(1,25)-Z3": 0.0793793977500328,
    "Burden(1,25)-Z4": 0.07463724127923549,
    "Burden(1,25)-Z5": 0.03651411929804566,
    "Burden(1,25)-Z6": 0.1506486858370636,
    "Burden(1,25)-Z7": 0.08420402703472299,
    "Burden(1,25)-Z8": 0.05397938759863943,
    "Burden(1,25)-Z9": 0.00535020429064401,
    "Burden(1,25)-Z10": 0.1113951626646106,
    "STAAR-B(1,25)": 0.01075154444513404
  },
  "results_STAAR_B_1_1_cond": {
    "Burden(1,1)": 0.116373007916844,
    "Burden(1,1)-Z1": 0.01467951062203333,
    "Burden(1,1)-Z2": 0.04252082488453172,
    "Burden(1,1)-Z3": 0.06626943925395763,
    "Burden(1,1)-Z4": 0.0972322867035133,
    "Burden(1,1)-Z5": 0.03796500285128931,
    "Burden(1,1)-Z6": 0.1299537398994426,
    "Burden(1,1)-Z7": 0.1205976478673095,
    "Burden(1,1)-Z8": 0.1076042248051017,
    "Burden(1,1)-Z9": 0.01275396913182329,
    "Burden(1,1)-Z10": 0.2731584678164271,
    "STAAR-B(1,1)": 0.04273069446538269
  },
  "results_STAAR_A_1_25_cond": {
    "ACAT-V(1,25)": 0.01773259135518968,
    "ACAT-V(1,25)-Z1": 0.02116023933248077,
    "ACAT-V(1,25)-Z2": 0.01705033481685264,
    "ACAT-V(1,25)-Z3": 0.02988062757919913,
    "ACAT-V(1,25)-Z4": 0.0119253766533696,
    "ACAT-V(1,25)-Z5": 0.01225417343015099,
    "ACAT-V(1,25)-Z6": 0.0114598281357504,
    "ACAT-V(1,25)-Z7": 0.0116429703166549,
    "ACAT-V(1,25)-Z8": 0.01377514348880554,
    "ACAT-V(1,25)-Z9": 0.01365957674366144,
    "ACAT-V(1,25)-Z10": 0.01075209592405949,
    "STAAR-A(1,25)": 0.01422774035608254
  },
  "results_STAAR_A_1_1_cond": {
    "ACAT-V(1,1)": 0.03697118679405343,
    "ACAT-V(1,1)-Z1": 0.04961392917962877,
    "ACAT-V(1,1)-Z2": 0.04150128558013876,
    "ACAT-V(1,1)-Z3": 0.05353223512236878,
    "ACAT-V(1,1)-Z4": 0.02674209911487553,
    "ACAT-V(1,1)-Z5": 0.02149687515306528,
    "ACAT-V(1,1)-Z6": 0.02648034769783713,
    "ACAT-V(1,1)-Z7": 0.02078512479060271,
    "ACAT-V(1,1)-Z8": 0.03251556270858337,
    "ACAT-V(1,1)-Z9": 0.02828572082649752,
    "ACAT-V(1,1)-Z10": 0.02675175654871818,
    "STAAR-A(1,1)": 0.03029033156460936
  }
}
