{
  "num_variant": 163,
  "cMAC": 7578,
  "case_count": 500,
  "results_STAAR_B": 0.2048911752208249,
  "results_STAAR_B_1_25": {
    "Burden(1,25)": 0.3027664137327061,
    "Burden(1,25)-Z1": 0.03909369266741033,
    "Burden(1,25)-Z2": 0.06118620306166432,
    "Burden(1,25)-Z3": 0.4606597050769892,
    "Burden(1,25)-Z4": 0.3610577830435296,
    "Burden(1,25)-Z5": 0.5130684012437643,
    "Burden(1,25)-Z6": 0.4001940501406429,
    "Burden(1,25)-Z7": 0.6894826943977505,
    "Burden(1,25)-Z8": 0.1783997839849203,
    "Burden(1,25)-Z9": 0.102262924835015,
    "Burden(1,25)-Z10": 0.4595534692482933,
    "STAAR-B(1,25)": 0.1679577396909192
  },
  "results_STAAR_B_1_1": {
    "Burden(1,1)": 0.3044901596315466,
    "Burden(1,1)-Z1": 0.1072258998711902,
    "Burden(1,1)-Z2": 0.1045541275609999,
    "Burden(1,1)-Z3": 0.3893287938302477,
    "Burden(1,1)-Z4": 0.3686220799654591,
    "Burden(1,1)-Z5": 0.373996486872921,
    "Burden(1,1)-Z6": 0.4278687317979727,
    "Burden(1,1)-Z7": 0.5834650920561514,
    "Burden(1,1)-Z8": 0.3188569886319386,
    "Burden(1,1)-Z9": 0.1397535204749399,
    "Burden(1,1)-Z10": 0.4991945850755141,
    "STAAR-B(1,1)": 0.2582089230383031
  }
}
