{
  "num_variant": 163,
  "cMAC": 7578,
  "case_count": 500,
  "results_STAAR_B": 0.2047522366499954,
  "results_STAAR_B_1_25": {
    "Burden(1,25)": 0.3026108029583068,
    "Burden(1,25)-Z1": 0.03909369266741033,
    "Burden(1,25)-Z2": 0.061098647239265,
    "Burden(1,25)-Z3": 0.4605384175824535,
    "Burden(1,25)-Z4": 0.3609215248992497,
    "Burden(1,25)-Z5": 0.5130555525801641,
    "Burden(1,25)-Z6": 0.4000125112157487,
    "Burden(1,25)-Z7": 0.6895133091904867,
    "Burden(1,25)-Z8": 0.1781837151003762,
    "Burden(1,25)-Z9": 0.1021181249677106,
    "Burden(1,25)-Z10": 0.4593968699933614,
    "STAAR-B(1,25)": 0.1678316618678289
  },
  "results_STAAR_B_1_1": {
    "Burden(1,1)": 0.3043558217424135,
    "Burden(1,1)-Z1": 0.1071630175923257,
    "Burden(1,1)-Z2": 0.1044798646886,
    "Burden(1,1)-Z3": 0.3891814581500279,
    "Burden(1,1)-Z4": 0.3684972577492918,
    "Burden(1,1)-Z5": 0.373890527237819,
    "Burden(1,1)-Z6": 0.4277176863424368,
    "Burden(1,1)-Z7": 0.5834136773790023,
    "Burden(1,1)-Z8": 0.3187179568304594,
    "Burden(1,1)-Z9": 0.1396487533051817,
    "Burden(1,1)-Z10": 0.4990988271145427,
    "STAAR-B(1,1)": 0.2580647607500448
  }
}
