{
  "num_variant": 144,
  "results_STAAR_O": 8.79110118034987e-11,
  "results_STAAR_S_1_25": {
    "SKAT(1,25)": 6.025716763810983e-10,
    "SKAT(1,25)-Z1": 7.077726251653027e-09,
    "SKAT(1,25)-Z2": 6.068210749582958e-11,
    "SKAT(1,25)-Z3": 1.258375330875465e-06,
    "SKAT(1,25)-Z4": 3.230136796621155e-09,
    "SKAT(1,25)-Z5": 1.983783354351746e-05,
    "SKAT(1,25)-Z6": 2.238648169229346e-09,
    "SKAT(1,25)-Z7": 1.463655053080611e-08,
    "SKAT(1,25)-Z8": 2.863465210368039e-10,
    "SKAT(1,25)-Z9": 2.469566955710671e-10,
    "SKAT(1,25)-Z10": 1.367889840645711e-08,
    "STAAR-S(1,25)": 4.116724738878474e-10
  },
  "results_STAAR_S_1_1": {
    "SKAT(1,1)": 4.279746930939402e-11,
    "SKAT(1,1)-Z1": 5.373377010840966e-10,
    "SKAT(1,1)-Z2": 1.30965542109764e-11,
    "SKAT(1,1)-Z3": 4.872471017357436e-06,
    "SKAT(1,1)-Z4": 1.984878358400973e-10,
    "SKAT(1,1)-Z5": 0.000458861713802164,
    "SKAT(1,1)-Z6": 1.375523739820385e-08,
    "SKAT(1,1)-Z7": 3.939466852544896e-08,
    "SKAT(1,1)-Z8": 1.657249525279894e-10,
    "SKAT(1,1)-Z9": 1.577624569484388e-10,
    "SKAT(1,1)-Z10": 1.65339555895646e-12,
    "STAAR-S(1,1)": 1.519540049343959e-11
  },
  "results_STAAR_B_1_25": {
    "Burden(1,25)": 3.848141232018102e-05,
    "Burden(1,25)-Z1": 8.175570812657079e-05,
    "Burden(1,25)-Z2": 5.018582539396818e-07,
    "Burden(1,25)-Z3": 0.0003658543366865493,
    "Burden(1,25)-Z4": 6.98647689352287e-06,
    "Burden(1,25)-Z5": 0.007686630782492194,
    "Burden(1,25)-Z6": 0.000201340984428653,
    "Burden(1,25)-Z7": 1.366103185687135e-05,
    "Burden(1,25)-Z8": 2.705658358649445e-06,
    "Burden(1,25)-Z9": 7.651594592962137e-06,
    "Burden(1,25)-Z10": 0.001817597016585284,
    "STAAR-B(1,25)": 3.991559660354582e-06
  },
  "results_STAAR_B_1_1": {
    "Burden(1,1)": 1.961508928035643e-06,
    "Burden(1,1)-Z1": 2.634056506025761e-06,
    "Burden(1,1)-Z2": 4.467273986961692e-08,
    "Burden(1,1)-Z3": 0.0001554745490753891,
    "Burden(1,1)-Z4": 4.388427550323864e-07,
    "Burden(1,1)-Z5": 0.006013189826166908,
    "Burden(1,1)-Z6": 1.782408734117633e-05,
    "Burden(1,1)-Z7": 3.536371266752086e-06,
    "Burden(1,1)-Z8": 2.719197847193655e-07,
    "Burden(1,1)-Z9": 4.528003665978553e-07,
    "Burden(1,1)-Z10": 2.734810336320304e-05,
    "STAAR-B(1,1)": 3.456807557977726e-07
  },
  "results_STAAR_A_1_25": {
    "ACAT-V(1,25)": 3.051236321047741e-07,
    "ACAT-V(1,25)-Z1": 2.521216767494551e-07,
    "ACAT-V(1,25)-Z2": 1.647358070435568e-07,
    "ACAT-V(1,25)-Z3": 3.321481187259693e-07,
    "ACAT-V(1,25)-Z4": 2.621467739488016e-07,
    "ACAT-V(1,25)-Z5": 4.957591146682476e-07,
    "ACAT-V(1,25)-Z6": 3.833083431598131e-07,
    "ACAT-V(1,25)-Z7": 3.453419543392454e-07,
    "ACAT-V(1,25)-Z8": 2.901067769679377e-07,
    "ACAT-V(1,25)-Z9": 2.177433158295613e-07,
    "ACAT-V(1,25)-Z10": 3.369660058558189e-07,
    "STAAR-A(1,25)": 2.844709627858322e-07
  },
  "results_STAAR_A_1_1": {
    "ACAT-V(1,1)": 1.714975117697494e-07,
    "ACAT-V(1,1)-Z1": 1.22487922012241e-07,
    "ACAT-V(1,1)-Z2": 9.425820172784482e-08,
    "ACAT-V(1,1)-Z3": 2.196694254313493e-07,
    "ACAT-V(1,1)-Z4": 1.589835540165243e-07,
    "ACAT-V(1,1)-Z5": 7.927353441579384e-07,
    "ACAT-V(1,1)-Z6": 2.587358766395638e-07,
    "ACAT-V(1,1)-Z7": 2.337205368228166e-07,
    "ACAT-V(1,1)-Z8": 1.772822325112302e-07,
    "ACAT-V(1,1)-Z9": 1.410142873230593e-07,
    "ACAT-V(1,1)-Z10": 1.403688605881705e-07,
    "STAAR-A(1,1)": 1.699950316069732e-07
  },
  "nullmodel_beta": {},
  "nullmodel_dispersion": []
}
