mode,scenario_id,warmup_runs,measured_runs,median_seconds,mean_seconds,min_seconds,max_seconds,std_seconds
baseline_no_ai_result_cache,ai_staar_related_sparse_glmmkin,1,5,0.6560681250412017,0.6592361664632336,0.6336207080166787,0.6884615410817787,0.02401083813390354
optimized_ai_result_cache,ai_staar_related_sparse_glmmkin,1,5,5.445792339742184e-05,6.477516144514084e-05,5.254207644611597e-05,0.00010479195043444633,2.2470682772747425e-05
baseline_no_ai_result_cache,ai_staar_related_sparse_glmmkin_find_weight,1,5,0.6309822909533978,0.6720558581640944,0.6234814169583842,0.841773874941282,0.09496195075524176
optimized_ai_result_cache,ai_staar_related_sparse_glmmkin_find_weight,1,5,1.908303238451481e-05,7.711658254265785e-05,1.4416989870369434e-05,0.00027908291667699814,0.00011436066493250997
