mode,scenario_id,warmup_runs,measured_runs,median_seconds,mean_seconds,min_seconds,max_seconds,std_seconds
baseline_no_cache,staar_related_sparse_glmmkin_pure,1,5,0.9681304590776563,0.9667633748380468,0.9274382080184296,0.9893329580081627,0.025475483476547784
optimized_cache,staar_related_sparse_glmmkin_pure,1,5,0.19280350010376424,0.1960229666205123,0.1810967499623075,0.21056912501808256,0.012600585184772941
baseline_no_cache,ai_staar_related_sparse_glmmkin_find_weight_pure,1,5,1.5880065830424428,1.6323427414055913,1.5791154160397127,1.7702405829913914,0.08097357084569372
optimized_cache,ai_staar_related_sparse_glmmkin_find_weight_pure,1,5,0.8175418329192325,0.8093139000004157,0.7907649170374498,0.8242985421093181,0.01656694153671517
