scenario_id,warmup_runs,measured_runs,python_median_seconds,r_median_seconds,python_min_seconds,python_max_seconds,r_min_seconds,r_max_seconds,python_vs_r_speedup,r_vs_python_speedup
staar_unrelated_glm,1,5,0.23583604104351252,0.436999999999999,0.22550937498454005,0.29487216705456376,0.435,0.447,1.8529822586335354,0.5396705744702817
staar_related_sparse_glmmkin_pure,1,5,1.004455666989088,1.625,0.9953662500483915,1.0294867500197142,1.613,1.75,1.6177916591092847,0.6181265643009772
staar_unrelated_binary_spa,1,5,0.28861091705039144,0.0849999999999973,0.28313412505667657,0.2919657089514658,0.0760000000000005,0.0899999999999999,0.294514153756548,3.3954225535341247
staar_related_sparse_binary_spa_pure,1,5,0.7151682500261813,4.725,0.696379458066076,0.7711227079853415,4.663,5.269,6.606836922398364,0.15135835979390083
staar_unrelated_glm_cond,1,5,0.3024970000842586,2.136,0.2919653330463916,0.3501572080422193,2.089,2.831,7.06122705152458,0.14161844573233082
indiv_score_unrelated_glm,1,5,0.1203869580058381,0.382000000000005,0.11282062495592982,0.13357383396942168,0.381999999999998,0.384999999999998,3.1731011924188675,0.3151491047273207
ai_staar_unrelated_glm,1,5,0.9284880419727415,0.384,0.8989748338935897,1.025179999996908,0.366,0.405000000000001,0.413575601021336,2.417937609304014
ai_staar_related_sparse_glmmkin_find_weight_pure,1,5,1.6642560000764206,1.624,1.6288038330385461,2.998734208988026,1.581,1.693,0.9758114135838645,1.0247881773869585
