scenario_id,cold_median_seconds,warm_median_seconds,delta_seconds,warm_speedup_vs_cold
staar_unrelated_glm,1.601064958027564,0.21531479200348258,-1.3857501660240814,7.4359264550745205
staar_related_sparse_glmmkin_pure,2.4330403330968693,0.27672129205893725,-2.156319041037932,8.792385706910729
staar_related_sparse_binary_spa_pure,1.9668667500372976,0.9726561249699444,-0.9942106250673532,2.0221604527479586
ai_staar_related_sparse_glmmkin_find_weight_pure,3.2445116250310093,6.724998820573092e-05,-3.2444443750428036,48245.53448404201
