scenario_id,warmup_runs,measured_runs,python_median_seconds,r_median_seconds,python_min_seconds,python_max_seconds,r_min_seconds,r_max_seconds,python_vs_r_speedup,r_vs_python_speedup
staar_unrelated_glm,0,1,0.18873699998948723,0.436999999999999,0.18873699998948723,0.18873699998948723,0.436999999999999,0.436999999999999,2.3153912588646643,0.43189244848853015
staar_related_sparse_glmmkin_pure,0,1,1.082701624953188,1.757,1.082701624953188,1.082701624953188,1.757,1.757,1.6227924291477498,0.6162217558071645
staar_unrelated_binary_spa,0,1,0.15052916703280061,0.0659999999999998,0.15052916703280061,0.15052916703280061,0.0659999999999998,0.0659999999999998,0.4384532333565512,2.2807449550424406
staar_related_sparse_binary_spa_pure,0,1,0.8178357909200713,4.773,0.8178357909200713,0.8178357909200713,4.773,4.773,5.836134897728479,0.1713462792625333
staar_unrelated_glm_cond,0,1,0.23130491701886058,3.243,0.23130491701886058,0.23130491701886058,3.243,3.243,14.02045422032929,0.07132436540822096
indiv_score_unrelated_glm,0,1,0.05911404103972018,0.398,0.05911404103972018,0.05911404103972018,0.398,0.398,6.7327489882238645,0.14852774130582957
ai_staar_unrelated_glm,0,1,0.6509715829743072,0.373000000000001,0.6509715829743072,0.6509715829743072,0.373000000000001,0.373000000000001,0.5729896815092199,1.7452321259364758
ai_staar_related_sparse_glmmkin_find_weight_pure,0,1,0.8004272080725059,1.676,0.8004272080725059,0.8004272080725059,1.676,1.676,2.0938818459656625,0.47758186639170996
