scenario_id,post42_probe_median_seconds,optimized_median_seconds,speedup_vs_post42_probe
ai_staar_related_sparse_glmmkin_find_weight_pure,1.7689179999288172,1.8148737909505144,0.9746782441562349
ai_staar_unrelated_glm,0.5879298750078306,0.5754610830917954,1.0216674807078938
indiv_score_unrelated_glm,0.05994683306198567,0.054706791997887194,1.095784104180352
staar_related_sparse_binary_spa_pure,2.3435668339952826,0.9095276660518721,2.5766855934887247
staar_related_sparse_glmmkin_pure,1.1032203750219196,1.189287208020687,0.9276315826670605
staar_unrelated_binary_spa,0.15048712503630668,0.16777512500993907,0.8969573113260488
staar_unrelated_glm,0.16658891597762704,0.16016462503466755,1.0401105483908757
staar_unrelated_glm_cond,0.25348829198628664,0.20429166697431356,1.240815622783864
