mode,scenario_id,warmup_runs,measured_runs,median_seconds,mean_seconds,min_seconds,max_seconds,std_seconds
warm_inprocess,staar_unrelated_glm,1,3,0.21531479200348258,0.21944083331618458,0.20167287497315556,0.2413348329719156,0.02015033227416968
cold_process,staar_unrelated_glm,0,3,1.601064958027564,2.276200416381471,1.1585050830617547,4.069031208055094,1.5683260172592435
warm_inprocess,staar_related_sparse_glmmkin_pure,1,3,0.27672129205893725,0.28266361134592444,0.2293962499825284,0.34187329199630767,0.056473485937417946
cold_process,staar_related_sparse_glmmkin_pure,0,3,2.4330403330968693,2.445626014028676,2.4303405419923365,2.4734971669968218,0.02417484423594845
warm_inprocess,staar_related_sparse_binary_spa_pure,1,3,0.9726561249699444,0.9964110139990225,0.9527666249778122,1.063810292049311,0.05921059925181756
cold_process,staar_related_sparse_binary_spa_pure,0,3,1.9668667500372976,1.980477917008102,1.9424765419680625,2.0320904590189457,0.04633153820057109
warm_inprocess,ai_staar_related_sparse_glmmkin_find_weight_pure,1,3,6.724998820573092e-05,6.90136415263017e-05,5.849997978657484e-05,8.129095658659935e-05,1.1497391471598422e-05
cold_process,ai_staar_related_sparse_glmmkin_find_weight_pure,0,3,3.2445116250310093,3.240465180676741,3.1126827499829233,3.36420116701629,0.12580802363393523
