scenario_id,warmup_runs,measured_runs,median_seconds,mean_seconds,min_seconds,max_seconds,std_seconds,relative_speedup_vs_baseline
staar_unrelated_glm,1,5,0.16555554093793035,0.17271836642175914,0.1500448330771178,0.2143492919858545,0.025195884181727458,1.0
staar_related_sparse_glmmkin_pure,1,5,0.9165819160407409,0.9351926664356143,0.9027208751067519,0.9839887910056859,0.03389606410787961,1.0
staar_unrelated_binary_spa,1,5,0.16143020801246166,0.15883814180269837,0.1453079169150442,0.17693145805969834,0.012675985365496837,1.0
staar_related_sparse_binary_spa_pure,1,5,2.531438667094335,2.55542508342769,2.5110829999903217,2.6433852500049397,0.056274413802653966,1.0
staar_unrelated_glm_cond,1,5,0.21088629099540412,0.22265497480984778,0.19911095802672207,0.2799367500701919,0.03294462790105667,1.0
indiv_score_unrelated_glm,1,5,0.09207845793571323,0.08737717480398714,0.05939225002657622,0.1035640420159325,0.016620937343215826,1.0
ai_staar_unrelated_glm,1,5,0.8567111670272425,0.8804614917840808,0.6373845000052825,1.157548249932006,0.22933093273642047,1.0
ai_staar_related_sparse_glmmkin_find_weight_pure,1,5,1.5127756670117378,1.5472853748127817,1.4525284160627052,1.7369531249860302,0.11049826025800888,1.0
