scenario_id,warmup_runs,measured_runs,median_seconds,mean_seconds,min_seconds,max_seconds,std_seconds,relative_speedup_vs_baseline
staar_unrelated_glm,1,5,0.16658891597762704,0.1566578664118424,0.08646187500562519,0.20759529201313853,0.04395711375358443,1.0
staar_related_sparse_glmmkin_pure,1,5,1.1032203750219196,1.1050209085689857,1.074898749939166,1.1338609589729458,0.024607772882620792,1.0
staar_unrelated_binary_spa,1,5,0.15048712503630668,0.16786634160671382,0.14357312489300966,0.2330070420866832,0.03726782288801997,1.0
staar_related_sparse_binary_spa_pure,1,5,2.3435668339952826,2.352322191791609,2.3232259169453755,2.4014675409998745,0.029414522908940158,1.0
staar_unrelated_glm_cond,1,5,0.25348829198628664,0.2506802420131862,0.21658945898525417,0.28752104204613715,0.027451863887504632,1.0
indiv_score_unrelated_glm,1,5,0.05994683306198567,0.06075955820269883,0.0574003339279443,0.06629520806018263,0.0033098130853733464,1.0
ai_staar_unrelated_glm,1,5,0.5879298750078306,0.5898996832082049,0.5652009999612346,0.6195420000003651,0.02456943435336467,1.0
ai_staar_related_sparse_glmmkin_find_weight_pure,1,5,1.7689179999288172,1.7772703582188114,1.7353034999687225,1.867076083086431,0.05374356848063568,1.0
