scenario_id,warmup_runs,measured_runs,median_seconds,mean_seconds,min_seconds,max_seconds,std_seconds,relative_speedup_vs_baseline
staar_unrelated_glm,1,5,0.24995612492784858,0.3056158249732107,0.22324504191055894,0.5339318329934031,0.12886340869252344,1.0
staar_related_sparse_glmmkin_pure,1,5,0.4020955410087481,0.41235884982161225,0.3776127500459552,0.45405416702851653,0.032906526723029954,1.0
staar_unrelated_binary_spa,1,5,0.28924404189456254,0.2754887002054602,0.233611874980852,0.31199566705618054,0.03368293543287067,1.0
staar_related_sparse_binary_spa_pure,1,5,0.8550077920081094,0.9585727418307215,0.8404427919303998,1.3727193750673905,0.2320978038112406,1.0
staar_unrelated_glm_cond,1,5,0.23768062493763864,0.22036613353993745,0.18046245898585767,0.24657354189548641,0.030160406291384417,1.0
indiv_score_unrelated_glm,1,5,0.04905500006861985,0.04992031638976187,0.043020415934734046,0.05635170801542699,0.005590149548405405,1.0
ai_staar_unrelated_glm,1,5,0.5064520000014454,0.49860659139230845,0.4698152909986675,0.5233367079636082,0.020757725992452594,1.0
ai_staar_related_sparse_glmmkin_find_weight_pure,1,5,1.5625031664967537e-05,2.390020526945591e-05,1.3416982255876064e-05,5.620904266834259e-05,1.819457208809733e-05,1.0
