scenario_id,warmup_runs,measured_runs,median_seconds,mean_seconds,min_seconds,max_seconds,std_seconds,relative_speedup_vs_baseline
staar_unrelated_glm,1,5,0.23583604104351252,0.24856348340399564,0.22550937498454005,0.29487216705456376,0.027462978859599106,1.0
staar_related_sparse_glmmkin_pure,1,5,1.004455666989088,1.0108068584464491,0.9953662500483915,1.0294867500197142,0.014976184639462261,1.0
staar_unrelated_binary_spa,1,5,0.28861091705039144,0.2883298584027216,0.28313412505667657,0.2919657089514658,0.0032442205532556144,1.0
staar_related_sparse_binary_spa_pure,1,5,0.7151682500261813,0.7255373498192057,0.696379458066076,0.7711227079853415,0.03176768977363998,1.0
staar_unrelated_glm_cond,1,5,0.3024970000842586,0.3124995000427589,0.2919653330463916,0.3501572080422193,0.023147161064834193,1.0
indiv_score_unrelated_glm,1,5,0.1203869580058381,0.12218718337826431,0.11282062495592982,0.13357383396942168,0.007555078135547488,1.0
ai_staar_unrelated_glm,1,5,0.9284880419727415,0.9512778835836798,0.8989748338935897,1.025179999996908,0.05427970593966224,1.0
ai_staar_related_sparse_glmmkin_find_weight_pure,1,5,1.6642560000764206,1.919979900214821,1.6288038330385461,2.998734208988026,0.6032660572312887,1.0
