scenario_id,warmup_runs,measured_runs,median_seconds,mean_seconds,min_seconds,max_seconds,std_seconds,relative_speedup_vs_baseline
staar_unrelated_glm,1,5,0.16016462503466755,0.15605657501146197,0.1416900419862941,0.1631692920345813,0.009218664596424087,1.0
staar_related_sparse_glmmkin_pure,1,5,1.189287208020687,1.1889657000312581,1.1756138750351965,1.2061274170409888,0.012517109862350473,1.0
staar_unrelated_binary_spa,1,5,0.16777512500993907,0.1654116997960955,0.15134945802856237,0.1733362500090152,0.008461084616317914,1.0
staar_related_sparse_binary_spa_pure,1,5,0.9095276660518721,0.9264750332338736,0.8886017079930753,0.9704943330725655,0.03698243485232503,1.0
staar_unrelated_glm_cond,1,5,0.20429166697431356,0.22328596662264316,0.18287054100073874,0.32364983297884464,0.057021453778027476,1.0
indiv_score_unrelated_glm,1,5,0.054706791997887194,0.057372533576563,0.05223999998997897,0.06959329196251929,0.007099596314778404,1.0
ai_staar_unrelated_glm,1,5,0.5754610830917954,0.5719216582132504,0.5420464169001207,0.5955722080543637,0.01941100885415202,1.0
ai_staar_related_sparse_glmmkin_find_weight_pure,1,5,1.8148737909505144,1.8302320413989945,1.776216832920909,1.8980690001044422,0.04670293978426271,1.0
