scenario_id,warmup_runs,measured_runs,median_seconds,mean_seconds,min_seconds,max_seconds,std_seconds,relative_speedup_vs_baseline
staar_unrelated_glm,0,1,0.18873699998948723,0.18873699998948723,0.18873699998948723,0.18873699998948723,0.0,1.0
staar_related_sparse_glmmkin_pure,0,1,1.082701624953188,1.082701624953188,1.082701624953188,1.082701624953188,0.0,1.0
staar_unrelated_binary_spa,0,1,0.15052916703280061,0.15052916703280061,0.15052916703280061,0.15052916703280061,0.0,1.0
staar_related_sparse_binary_spa_pure,0,1,0.8178357909200713,0.8178357909200713,0.8178357909200713,0.8178357909200713,0.0,1.0
staar_unrelated_glm_cond,0,1,0.23130491701886058,0.23130491701886058,0.23130491701886058,0.23130491701886058,0.0,1.0
indiv_score_unrelated_glm,0,1,0.05911404103972018,0.05911404103972018,0.05911404103972018,0.05911404103972018,0.0,1.0
ai_staar_unrelated_glm,0,1,0.6509715829743072,0.6509715829743072,0.6509715829743072,0.6509715829743072,0.0,1.0
ai_staar_related_sparse_glmmkin_find_weight_pure,0,1,0.8004272080725059,0.8004272080725059,0.8004272080725059,0.8004272080725059,0.0,1.0
