"scenario_id","warmup_runs","measured_runs","median_seconds","mean_seconds","min_seconds","max_seconds","std_seconds","relative_speedup_vs_baseline"
"staar_unrelated_glm",1,5,0.419,0.4328,0.416,0.48,0.0270314631494484,1
"staar_related_sparse_glmmkin_pure",1,5,1.593,1.6496,1.575,1.784,0.0942724774258107,1
"staar_unrelated_binary_spa",1,5,0.0790000000000006,0.141,0.065999999999999,0.349,0.120330794063698,1
"staar_related_sparse_binary_spa_pure",1,5,5.68,5.6038,4.565,6.612,0.769319634482315,1
"staar_unrelated_glm_cond",1,5,2.843,2.7504,2.358,3.142,0.372400725026149,1
"indiv_score_unrelated_glm",1,5,0.425999999999988,0.425,0.406999999999996,0.442000000000007,0.0125698050899809,1
"ai_staar_unrelated_glm",1,5,0.393000000000001,0.45,0.385999999999996,0.596000000000004,0.0922957203774929,1
"ai_staar_related_sparse_glmmkin_find_weight_pure",1,5,1.721,1.7228,1.711,1.746,0.0136455120827301,1
