scenario_id,warmup_runs,measured_runs,python_median_seconds,r_median_seconds,python_min_seconds,python_max_seconds,r_min_seconds,r_max_seconds,python_vs_r_speedup,r_vs_python_speedup
staar_unrelated_glm,1,5,0.24995612492784858,0.419,0.22324504191055894,0.5339318329934031,0.416,0.48,1.676294190114153,0.5965539974411661
staar_related_sparse_glmmkin_pure,1,5,0.4020955410087481,1.593,0.3776127500459552,0.45405416702851653,1.575,1.784,3.9617450022041956,0.2524140244876008
staar_unrelated_binary_spa,1,5,0.28924404189456254,0.0790000000000006,0.233611874980852,0.31199566705618054,0.065999999999999,0.349,0.273125764259643,3.661316986007093
staar_related_sparse_binary_spa_pure,1,5,0.8550077920081094,5.68,0.8404427919303998,1.3727193750673905,4.565,6.612,6.643214311134754,0.15052954084649814
staar_unrelated_glm_cond,1,5,0.23768062493763864,2.843,0.18046245898585767,0.24657354189548641,2.358,3.142,11.96142933714488,0.08360204887008042
indiv_score_unrelated_glm,1,5,0.04905500006861985,0.425999999999988,0.043020415934734046,0.05635170801542699,0.406999999999996,0.442000000000007,8.684130045950145,0.11515258232070712
ai_staar_unrelated_glm,1,5,0.5064520000014454,0.393000000000001,0.4698152909986675,0.5233367079636082,0.385999999999996,0.596000000000004,0.7759866680334551,1.2886819338459137
ai_staar_related_sparse_glmmkin_find_weight_pure,1,5,1.5625031664967537e-05,1.721,1.3416982255876064e-05,5.620904266834259e-05,1.711,1.746,110143.77678725656,9.079042222526169e-06
